variant,method_name,mask,score,auroc_mean,auroc_std,ap_mean,ap_std,fpr_mean,fpr_std,power_mean,power_std,score_range_mean,score_range_std,n_seeds,seeds,numerically_flat_frac,threshold_infinite_frac,depends_on_values_frac,depends_on_fault_frac
blocked,circuit,bank0:0-1-2-4-5-7-8,conditional_max,0.7361667734994765,0.015056242339481269,0.8058989283356671,0.014668558499824362,0.034404351296483705,0.028240433232629876,0.46806323812948686,0.03431736946941712,504.4477030436198,78.6315518138294,3,"[11, 12, 13]",0.0,0.0,0.0,0.0
blocked,circuit,bank0:0-1-2-4-5-7-8,independent,0.7289671055938031,0.009581295161397257,0.7929401491264926,0.01057820261552511,0.06644539233874087,0.010302185313911548,0.45941515380874104,0.03017467890755133,811.6268920898438,221.68596070133532,3,"[11, 12, 13]",0.0,0.0,0.0,0.0
blocked,circuit,bank0:0-1-2-4-5-7-8,joint,0.7344481733164092,0.01051982452079446,0.7972179901079935,0.011379181994580654,0.06724860519014648,0.00902814094329172,0.47177067653491855,0.03676132971866486,816.0904744466146,217.17672404012453,3,"[11, 12, 13]",0.0,0.0,0.0,0.0
blocked,circuit,bank0:0-1-2-4-5-7-8,marginal_max,0.7296749215607997,0.017494986638096684,0.8002231829111016,0.016243717596777656,0.03917033466122228,0.0327584746608407,0.45882730275746525,0.03918195494320695,504.48451741536456,77.98691705079928,3,"[11, 12, 13]",0.0,0.0,0.0,0.0
blocked,circuit,bank0:0-1-2-4-5-7-8,relational_max,0.6263086507724701,0.021648045580930225,0.6759246973268592,0.018008004850506524,0.03245208321437409,0.04616931016093962,0.19464017206265818,0.10679514700120474,11.583422342936197,1.2195120132730712,3,"[11, 12, 13]",0.0,0.0,0.0,0.0
blocked,circuit,bank1:3,conditional_max,0.8022068535074004,0.002825777322215401,0.8592399958188309,0.0020826745599361505,0.0303861002141064,0.021719241607148526,0.5861886995395112,0.01330320376199834,502.1044616699219,78.60530256031548,3,"[11, 12, 13]",0.0,0.0,0.0,0.0
blocked,circuit,bank1:3,independent,0.7769171585974811,0.005550521024315964,0.8319103300509544,0.009376017305565865,0.08082895259570094,0.0716074969217591,0.5381338199424702,0.08243220061577812,688.5291341145834,144.29114050892278,3,"[11, 12, 13]",0.0,0.0,0.0,0.0
blocked,circuit,bank1:3,joint,0.7912331813668634,0.00897298113149937,0.8417808238135457,0.011815320400499284,0.07608961610280994,0.06339951683629276,0.5520550691219045,0.08229916411394238,689.0575154622396,149.2200866728768,3,"[11, 12, 13]",0.0,0.0,0.0,0.0
blocked,circuit,bank1:3,marginal_max,0.7880842206643969,0.004122894694493334,0.8497260746977643,0.0038708433622485286,0.028766351075371368,0.016824045960309904,0.5722134276745988,0.015977196479598874,501.8612772623698,78.21678110392722,3,"[11, 12, 13]",0.0,0.0,0.0,0.0
blocked,circuit,bank1:3,relational_max,0.7071563002687055,0.015675285989853276,0.7636436544149202,0.021081378460576634,0.01337409737771293,0.017201121102367472,0.31512922720426934,0.08836311928601573,12.250689188639322,0.6374520243890186,3,"[11, 12, 13]",0.0,0.0,0.0,0.0
blocked,circuit,bank2:6-10,conditional_max,0.7971891544710408,0.0021086099924135094,0.8547510092095331,0.0015040035410651027,0.0303861002141064,0.021719241607148526,0.5740485386134636,0.01243721240783689,333.2581787109375,12.78389926210471,3,"[11, 12, 13]",0.0,0.0,0.0,0.0
blocked,circuit,bank2:6-10,independent,0.7737359717627187,0.0022431559664889134,0.8281943006961957,0.008408542028489738,0.10566974968544136,0.04598595323983431,0.5578087686026956,0.06606097629057435,836.3560791015625,39.87258665579287,3,"[11, 12, 13]",0.0,0.0,0.0,0.0
blocked,circuit,bank2:6-10,joint,0.7867116935234773,0.003500435656706505,0.8369974993761783,0.00901737985664538,0.0936482037862046,0.05447347266161877,0.5620914635652624,0.06829804627842401,842.2710367838541,43.08256261497413,3,"[11, 12, 13]",0.0,0.0,0.0,0.0
blocked,circuit,bank2:6-10,marginal_max,0.784190900781165,0.0024935812523640207,0.846143236470272,0.001986615338459763,0.028766351075371368,0.016824045960309904,0.561572376022189,0.013195923701953109,332.2225850423177,12.475745906563185,3,"[11, 12, 13]",0.0,0.0,0.0,0.0
blocked,circuit,bank2:6-10,relational_max,0.6973155832078121,0.023436281600430323,0.7615607261339501,0.02447147473882922,0.027831928703014135,0.023492824046001257,0.34495541913545075,0.07479851882082092,12.248565673828125,0.6391961838062885,3,"[11, 12, 13]",0.0,0.0,0.0,0.0
blocked,circuit,full,conditional_max,0.8027690109678508,0.0023700393262234168,0.8598684162461595,0.0018158632171502548,0.0303861002141064,0.021719241607148526,0.5876878088131491,0.012091695443299208,502.10448201497394,78.60523312585015,3,"[11, 12, 13]",0.0,0.0,0.0,0.0
blocked,circuit,full,independent,0.78211862212409,0.00482483629330425,0.8372973612887812,0.009544772907285783,0.07999488120881225,0.042270185359665466,0.5502838215825893,0.05576008859941484,922.5198974609375,139.92446801781068,3,"[11, 12, 13]",0.0,0.0,0.0,0.0
blocked,circuit,full,joint,0.7940642439295645,0.008364309027409244,0.8451831643657494,0.01137853215026492,0.08082474093206546,0.03695764254916276,0.5705508329577259,0.06283413038151431,930.7906901041666,137.96434265697883,3,"[11, 12, 13]",0.0,0.0,0.0,0.0
blocked,circuit,full,marginal_max,0.7905422335773672,0.003153694302454708,0.8520545925134915,0.002563845683321885,0.028766351075371368,0.016824045960309904,0.5791877401711313,0.012091477643216856,501.8612772623698,78.21678110392722,3,"[11, 12, 13]",0.0,0.0,0.0,0.0
blocked,circuit,full,relational_max,0.7055625487002096,0.022812136518141988,0.7658129858945909,0.02355531279420211,0.01337409737771293,0.017201121102367472,0.31361679449470764,0.08967792965464723,12.250666300455729,0.6374409251964372,3,"[11, 12, 13]",0.0,0.0,0.0,0.0
blocked,circuit,random1:1,conditional_max,0.8007092141411946,0.006698036017842864,0.8575144801649013,0.004942688221309109,0.06751090274175252,0.055404758043418344,0.5967806691118613,0.029578966888270927,503.36034138997394,78.46545250559552,3,"[11, 12, 13]",0.0,0.0,0.0,0.0
blocked,circuit,random1:1,independent,0.778035801218507,0.0023756892463662454,0.8333419323353369,0.00713766624603138,0.07715727283440509,0.02974691749636056,0.533847642258051,0.0579218979454498,924.78076171875,135.64104768502412,3,"[11, 12, 13]",0.0,0.0,0.0,0.0
blocked,circuit,random1:1,joint,0.7886276916181011,0.00461990893615534,0.8404995943163933,0.008401329224133655,0.07947291839537235,0.027908119601869393,0.5524275583730506,0.06337829787067834,931.2006225585938,130.63452181036584,3,"[11, 12, 13]",0.0,0.0,0.0,0.0
blocked,circuit,random1:1,marginal_max,0.7873303811955253,0.005494044400040973,0.8488963490629722,0.003727703318428216,0.06984060068042665,0.06430892544815717,0.5883479465912455,0.03247403198193601,503.39662679036456,78.21461549142086,3,"[11, 12, 13]",0.0,0.0,0.0,0.0
blocked,circuit,random1:1,relational_max,0.7023310010751431,0.017989330195708055,0.7619087158805068,0.02166433629778232,0.005461879786970813,0.005532634578577146,0.28796784394814307,0.0667530913002803,12.181679407755533,0.740648460684673,3,"[11, 12, 13]",0.0,0.0,0.0,0.0
blocked,circuit,random3:5-8-14,conditional_max,0.7797562479577707,0.00541586470071725,0.8425186873479559,0.0032775170626403744,0.068393448757215,0.04595715193445291,0.5728658710672072,0.030228213427721504,502.0988260904948,78.5922493916054,3,"[11, 12, 13]",0.0,0.0,0.0,0.0
blocked,circuit,random3:5-8-14,independent,0.7642213779814973,0.005779585285198224,0.8219182466839134,0.00812907994980879,0.10438831052757973,0.06552884196419492,0.5485324174584797,0.06410691033906235,840.4746704101562,198.19527149964074,3,"[11, 12, 13]",0.0,0.0,0.0,0.0
blocked,circuit,random3:5-8-14,joint,0.7733819440463675,0.008414503479065819,0.828217700299593,0.009285958635255992,0.10517819994306155,0.06613791832960506,0.5641141150262033,0.061530388855637386,841.4019571940104,202.0648961330021,3,"[11, 12, 13]",0.0,0.0,0.0,0.0
blocked,circuit,random3:5-8-14,marginal_max,0.7693518342876392,0.004826815040515093,0.8350936781348679,0.003547683572155172,0.07031979890926011,0.04832707520457145,0.5615289229925652,0.027846686953322847,502.5273030598958,77.72640535689116,3,"[11, 12, 13]",0.0,0.0,0.0,0.0
blocked,circuit,random3:5-8-14,relational_max,0.6760526433895624,0.0260215496381913,0.7322435526239449,0.020702462904651525,0.02134033765393327,0.03489654553678406,0.2327570238602894,0.10849480253325883,10.83739948272705,0.9635794289804428,3,"[11, 12, 13]",0.0,0.0,0.0,0.0
blocked,circuit,random7:3-4-8-10-11-12-14,conditional_max,0.749628536623029,0.004145903865165323,0.8177492273680631,0.002393260948450288,0.05447017473949443,0.05014186164989833,0.5103272017180348,0.037829608059034285,439.83925374348956,35.88082875837813,3,"[11, 12, 13]",0.0,0.0,0.0,0.0
blocked,circuit,random7:3-4-8-10-11-12-14,independent,0.7309792324229424,0.0027364286622501735,0.7966430598173133,0.007712208902587061,0.054359254098171446,0.017684550522371348,0.46909716105523236,0.029846676173633877,571.1554565429688,73.23927391826025,3,"[11, 12, 13]",0.0,0.0,0.0,0.0
blocked,circuit,random7:3-4-8-10-11-12-14,joint,0.7428996015655667,0.009443360911559461,0.8059650956232541,0.01125859024597804,0.04876341101017967,0.021200987901404553,0.4750536278420124,0.03802184107828832,581.7124837239584,84.00041300884457,3,"[11, 12, 13]",0.0,0.0,0.0,0.0
blocked,circuit,random7:3-4-8-10-11-12-14,marginal_max,0.7372509967442745,0.0023479627795145136,0.8067468479968855,0.0035077123932175575,0.05919545885467858,0.04983276917155656,0.4922305740052071,0.039126533063842193,439.54773966471356,35.60609358179823,3,"[11, 12, 13]",0.0,0.0,0.0,0.0
blocked,circuit,random7:3-4-8-10-11-12-14,relational_max,0.6282573390179077,0.03515252940047284,0.6876211223207215,0.041946957905569654,0.04266735187194274,0.07182531877425666,0.22820004430346172,0.1576987380362324,11.420369466145834,0.5325601661621748,3,"[11, 12, 13]",0.0,0.0,0.0,0.0
blocked,circuit,single_sensor_0,conditional_max,0.5609820023645674,0.004537292453782971,0.6127350678762816,0.00790590918166516,0.07113564675157219,0.05999420243404543,0.17693514807439903,0.06448630961091371,72.17676289876302,12.794816568377422,3,"[11, 12, 13]",0.0,0.0,0.0,0.0
blocked,circuit,single_sensor_0,independent,0.5609820023645674,0.004537292453782971,0.6127350678762816,0.00790590918166516,0.07113564675157219,0.05999420243404543,0.17693514807439903,0.06448630961091371,72.17676289876302,12.794816568377422,3,"[11, 12, 13]",0.0,0.0,0.0,0.0
blocked,circuit,single_sensor_0,joint,0.5609965182594723,0.004543025305233886,0.61275804421875,0.007905751051216752,0.07113564675157219,0.05999420243404543,0.17693514807439903,0.06448630961091371,72.17676417032878,12.794815249995306,3,"[11, 12, 13]",0.0,0.0,0.0,0.0
blocked,circuit,single_sensor_0,marginal_max,0.5609820023645674,0.004537292453782971,0.6127350678762816,0.00790590918166516,0.07113564675157219,0.05999420243404543,0.17693514807439903,0.06448630961091371,72.17676289876302,12.794816568377422,3,"[11, 12, 13]",0.0,0.0,0.0,0.0
blocked,circuit,single_sensor_0,relational_max,0.5,0.0,0.5,0.0,0.0,0.0,0.0,0.0,0.0,0.0,3,"[11, 12, 13]",1.0,0.0,0.0,0.0
conditional,circuit,bank0:0-1-2-4-5-7-8,conditional_max,0.7377133314803356,0.014517462448100786,0.8064533446204624,0.014049095216847158,0.025153634604972275,0.014658374197989297,0.4609942036979217,0.01759154633855803,484.07289632161456,83.46285658655134,3,"[11, 12, 13]",0.0,0.0,0.0,0.0
conditional,circuit,bank0:0-1-2-4-5-7-8,independent,0.7318418683185325,0.008219111947307926,0.7934563750723975,0.010005590976404157,0.07852804785745787,0.026151420248817118,0.4592257099386758,0.013238267653320802,781.2040812174479,201.86419589242885,3,"[11, 12, 13]",0.0,0.0,0.0,0.0
conditional,circuit,bank0:0-1-2-4-5-7-8,joint,0.7383928164580998,0.009547591405596103,0.7986816588540546,0.011058581997967356,0.0801344735602691,0.025945796612915982,0.4693055574116573,0.0105266448457982,782.4578247070312,200.41244059221722,3,"[11, 12, 13]",0.0,0.0,0.0,0.0
conditional,circuit,bank0:0-1-2-4-5-7-8,marginal_max,0.728479682817842,0.01770767996359496,0.7993215374393086,0.0166399291519122,0.040817459613587966,0.03933835427659002,0.4589079723147911,0.0403812772885117,483.5392761230469,83.10218424560324,3,"[11, 12, 13]",0.0,0.0,0.0,0.0
conditional,circuit,bank0:0-1-2-4-5-7-8,relational_max,0.6162401056534473,0.02862113039932523,0.66087953491851,0.03339351996886248,0.05930552906392131,0.03694882664224035,0.22406038391743843,0.02509501004306,10.583990732828775,1.9345907918086331,3,"[11, 12, 13]",0.0,0.0,0.0,0.0
conditional,circuit,bank1:3,conditional_max,0.7997886785012543,0.0010017211933713093,0.8574616659550317,0.0006787614156350761,0.04880467721445427,0.02242714257950312,0.5929210033640663,0.013532884406237403,481.0280049641927,83.66235687412687,3,"[11, 12, 13]",0.0,0.0,0.0,0.0
conditional,circuit,bank1:3,independent,0.7767302432490837,0.004649555282761789,0.8300099078275224,0.008871440999414022,0.08479099416725083,0.062346477085762714,0.5383477238590341,0.07160623197352166,675.4330037434896,119.40834508800882,3,"[11, 12, 13]",0.0,0.0,0.0,0.0
conditional,circuit,bank1:3,joint,0.7888065269309553,0.006430433318285989,0.8386205163433744,0.010772656757153627,0.09048010130670914,0.05127499587943241,0.561827586639793,0.08039452784348486,674.6375122070312,120.47168941395255,3,"[11, 12, 13]",0.0,0.0,0.0,0.0
conditional,circuit,bank1:3,marginal_max,0.7876670839966646,0.003905045529751225,0.849583143773612,0.003587403581806636,0.03413423786909258,0.012725056605330133,0.5752116462218745,0.014027859969508482,480.7551981608073,83.8099355603904,3,"[11, 12, 13]",0.0,0.0,0.0,0.0
conditional,circuit,bank1:3,relational_max,0.6647810502937953,0.05116904685148193,0.7246621990925682,0.04649407420526976,0.08124226258669852,0.04778607713853612,0.3359778531287599,0.059959485943399844,12.377512613932291,0.9049570813132327,3,"[11, 12, 13]",0.0,0.0,0.0,0.0
conditional,circuit,bank2:6-10,conditional_max,0.7950366573202968,0.002916762978379285,0.8534315888648671,0.0021028426524877268,0.04880467721445427,0.02242714257950312,0.5822932751475803,0.013243482444419691,329.4465738932292,13.308991876351799,3,"[11, 12, 13]",0.0,0.0,0.0,0.0
conditional,circuit,bank2:6-10,independent,0.7720240814932916,0.0028823941615219845,0.8259346703567464,0.008072139020272297,0.10726285195232883,0.046684262706359836,0.5499799743493486,0.0717157173043114,828.9632364908854,68.00012234993703,3,"[11, 12, 13]",0.0,0.0,0.0,0.0
conditional,circuit,bank2:6-10,joint,0.7824373233330202,0.003085157108445058,0.8326415749919239,0.007231680593843359,0.10485321339811197,0.04878509051647148,0.5655483484811485,0.07822182681337304,833.7622884114584,68.16584597687316,3,"[11, 12, 13]",0.0,0.0,0.0,0.0
conditional,circuit,bank2:6-10,marginal_max,0.7835331836585359,0.0038052122150733507,0.8460117364193893,0.002402873714579535,0.03413423786909258,0.012725056605330133,0.5645705945694647,0.011105847866657548,328.7229919433594,12.890312080631139,3,"[11, 12, 13]",0.0,0.0,0.0,0.0
conditional,circuit,bank2:6-10,relational_max,0.652666412862664,0.04528564936132998,0.7190443029289252,0.0455521686517173,0.08124226258669852,0.04778607713853612,0.32633929891189245,0.07373425809833946,12.377521514892578,0.9049639276503131,3,"[11, 12, 13]",0.0,0.0,0.0,0.0
conditional,circuit,full,conditional_max,0.8009408396646501,0.0018389176870141578,0.8586170462254846,0.0013214995929547169,0.04880467721445427,0.02242714257950312,0.5960132149045917,0.01225151773093733,481.0280049641927,83.66235687412687,3,"[11, 12, 13]",0.0,0.0,0.0,0.0
conditional,circuit,full,independent,0.7815800043052459,0.003146205434418395,0.8354556618145684,0.008893205517362779,0.07686124147694945,0.01759238187599119,0.5473514912731495,0.04163000994398019,903.0564982096354,124.89612942934896,3,"[11, 12, 13]",0.0,0.0,0.0,0.0
conditional,circuit,full,joint,0.7917668973009376,0.006973753191214934,0.8422370717822879,0.010791474012411519,0.08330026772411821,0.01528085710688711,0.5646202841010103,0.05076592037763153,907.0329182942709,121.32834417578086,3,"[11, 12, 13]",0.0,0.0,0.0,0.0
conditional,circuit,full,marginal_max,0.7899933090161187,0.0034476692649565125,0.8518554896219861,0.00240744385308711,0.03413423786909258,0.012725056605330133,0.582185958718407,0.009962096032937476,480.7551981608073,83.8099355603904,3,"[11, 12, 13]",0.0,0.0,0.0,0.0
conditional,circuit,full,relational_max,0.6670712234409356,0.045881231523427705,0.7274161783894515,0.04544098526432268,0.08124226258669852,0.04778607713853612,0.3319617888717317,0.06553421094745378,12.377518971761068,0.9049740496447752,3,"[11, 12, 13]",0.0,0.0,0.0,0.0
conditional,circuit,random1:1,conditional_max,0.7992649389097567,0.0032586158718501974,0.8560171128077059,0.0024902483311814924,0.08487441750464599,0.07385452985310406,0.6091361918380388,0.037149692882152675,482.842041015625,83.82145954140765,3,"[11, 12, 13]",0.0,0.0,0.0,0.0
conditional,circuit,random1:1,independent,0.7773356076445483,0.001336990684527263,0.831654090842686,0.006421326512726067,0.07869562347403125,0.014991174921406423,0.5321324422425002,0.04284969514394024,903.4999186197916,122.06573482851026,3,"[11, 12, 13]",0.0,0.0,0.0,0.0
conditional,circuit,random1:1,joint,0.7870037024463024,0.0038224603942919513,0.8383949315873771,0.008110008832708456,0.08593786257260565,0.0234143358010912,0.5537771940843944,0.046637696705100595,908.2793579101562,118.98530067224975,3,"[11, 12, 13]",0.0,0.0,0.0,0.0
conditional,circuit,random1:1,marginal_max,0.7857929132308289,0.00343566618693071,0.8478848143069785,0.002764391260987917,0.07930595023028486,0.08221482994511506,0.5937831795063687,0.04193977709869621,482.36817423502606,83.56789293492862,3,"[11, 12, 13]",0.0,0.0,0.0,0.0
conditional,circuit,random1:1,relational_max,0.6659444144360936,0.03811369758845963,0.7285980796504238,0.04139248074804037,0.06852409132344646,0.05749110960545943,0.315267523659223,0.060192912117573674,11.96143658955892,1.2025005576746288,3,"[11, 12, 13]",0.0,0.0,0.0,0.0
conditional,circuit,random3:5-8-14,conditional_max,0.7791972177884939,0.005408258224091477,0.8415240242313077,0.0033507455065212265,0.09712562056231379,0.07365818346395699,0.5828489717668698,0.04094268016566372,481.5085042317708,83.26161185276256,3,"[11, 12, 13]",0.0,0.0,0.0,0.0
conditional,circuit,random3:5-8-14,independent,0.7647298371369006,0.0054017268931501414,0.8208485614435116,0.00901399276132152,0.11226966958283875,0.0641250940561041,0.5555052720714461,0.04205131697763633,815.1710611979166,177.55991649150027,3,"[11, 12, 13]",0.0,0.0,0.0,0.0
conditional,circuit,random3:5-8-14,joint,0.7736912830661354,0.00815500234472423,0.8272136295728462,0.010638692935810498,0.11548252098846125,0.05898250084767314,0.569386550943109,0.04279843740934124,813.9015706380209,178.453412474555,3,"[11, 12, 13]",0.0,0.0,0.0,0.0
conditional,circuit,random3:5-8-14,marginal_max,0.7684063334368311,0.003837924992296203,0.8343937627638742,0.0028623480795186003,0.08050696281141506,0.045198047902082435,0.5671114426446332,0.02551223906932555,481.6525370279948,83.13181392345987,3,"[11, 12, 13]",0.0,0.0,0.0,0.0
conditional,circuit,random3:5-8-14,relational_max,0.6435006235643238,0.028672340394754636,0.7009744880273988,0.03478580408656755,0.04444856161562657,0.03583809948500683,0.24873089210730184,0.04859949299046662,11.167804082234701,0.25738950207198824,3,"[11, 12, 13]",0.0,0.0,0.0,0.0
conditional,circuit,random7:3-4-8-10-11-12-14,conditional_max,0.7508151025885429,0.006054211831724434,0.8169097770374457,0.004153028390295754,0.08214582642357268,0.08174643889531566,0.5174194002995951,0.04948448095606118,420.67650349934894,27.68201676548202,3,"[11, 12, 13]",0.0,0.0,0.0,0.0
conditional,circuit,random7:3-4-8-10-11-12-14,independent,0.7332590176977974,0.0020050358982154123,0.797884823606989,0.007759086963500651,0.05087977198701026,0.01059564429072229,0.47014440741690167,0.04266663743964591,557.2164001464844,83.03442720222567,3,"[11, 12, 13]",0.0,0.0,0.0,0.0
conditional,circuit,random7:3-4-8-10-11-12-14,joint,0.7444508840189874,0.007611748861931081,0.8064257289278308,0.010399908974365175,0.06371785417357644,0.02316184952626003,0.4872918314378822,0.04827237134684568,566.8810221354166,89.43632591202449,3,"[11, 12, 13]",0.0,0.0,0.0,0.0
conditional,circuit,random7:3-4-8-10-11-12-14,marginal_max,0.7367629250529225,0.0017196538091448351,0.8061217579649874,0.002320132797907542,0.06860605677727548,0.04785724748748046,0.49462688912350017,0.03832516433742536,420.3320821126302,26.996782926421325,3,"[11, 12, 13]",0.0,0.0,0.0,0.0
conditional,circuit,random7:3-4-8-10-11-12-14,relational_max,0.5962678324551006,0.007852574891360282,0.659628517934809,0.030136738007983003,0.09594744815705293,0.0752470681084382,0.27660538291109377,0.06471857997804926,10.802889506022135,0.7389676548820251,3,"[11, 12, 13]",0.0,0.0,0.0,0.0
conditional,circuit,single_sensor_0,conditional_max,0.5608601763485029,0.004036464283652771,0.6129843333753852,0.007283870368237569,0.0713362272322121,0.043071296143316555,0.1780196109637704,0.049873366754787526,74.0259501139323,12.49509239842384,3,"[11, 12, 13]",0.0,0.0,0.0,0.0
conditional,circuit,single_sensor_0,independent,0.5608601763485029,0.004036464283652771,0.6129843333753852,0.007283870368237569,0.0713362272322121,0.043071296143316555,0.1780196109637704,0.049873366754787526,74.0259501139323,12.49509239842384,3,"[11, 12, 13]",0.0,0.0,0.0,0.0
conditional,circuit,single_sensor_0,joint,0.5608717890644269,0.004039128361917261,0.6130245017080015,0.007280025445290599,0.0713362272322121,0.043071296143316555,0.1780196109637704,0.049873366754787526,74.0259501139323,12.49509239842384,3,"[11, 12, 13]",0.0,0.0,0.0,0.0
conditional,circuit,single_sensor_0,marginal_max,0.5608601763485029,0.004036464283652771,0.6129843333753852,0.007283870368237569,0.0713362272322121,0.043071296143316555,0.1780196109637704,0.049873366754787526,74.0259501139323,12.49509239842384,3,"[11, 12, 13]",0.0,0.0,0.0,0.0
conditional,circuit,single_sensor_0,relational_max,0.5,0.0,0.5,0.0,0.0,0.0,0.0,0.0,0.0,0.0,3,"[11, 12, 13]",1.0,0.0,0.0,0.0
interface,circuit,bank0:0-1-2-4-5-7-8,conditional_max,0.7403410676153337,0.017920424106749953,0.8082390929608029,0.015437067226090756,0.026800030615554887,0.02002226243287361,0.46095350444836725,0.011419950631075364,523.6382649739584,101.42624876679903,3,"[11, 12, 13]",0.0,0.0,0.0,0.0
interface,circuit,bank0:0-1-2-4-5-7-8,independent,0.7324452413354594,0.00714718879286393,0.7949640260643352,0.008832076831808727,0.06793117817645494,0.013919295154519264,0.46557293001794414,0.036966027399348594,825.3300577799479,252.59743800372723,3,"[11, 12, 13]",0.0,0.0,0.0,0.0
interface,circuit,bank0:0-1-2-4-5-7-8,joint,0.7400692529109995,0.006920414343507166,0.8010597469120349,0.008335778707234773,0.06941696401416901,0.01753654635063756,0.4815418981563037,0.047626326713853306,827.5999145507812,249.21810455370974,3,"[11, 12, 13]",0.0,0.0,0.0,0.0
interface,circuit,bank0:0-1-2-4-5-7-8,marginal_max,0.7316882210254083,0.017382450603697898,0.8012674567899133,0.015699800600888252,0.032262639344308765,0.02206860180020381,0.45190628400462796,0.026270262128897163,523.5998840332031,101.42109358838412,3,"[11, 12, 13]",0.0,0.0,0.0,0.0
interface,circuit,bank0:0-1-2-4-5-7-8,relational_max,0.6290831489428266,0.003828926400236458,0.6880971966833697,0.0032911283600458112,0.07375554451343744,0.05165934109939418,0.2782960823833805,0.061112802714156554,9.769481658935547,1.3854670923562524,3,"[11, 12, 13]",0.0,0.0,0.0,0.0
interface,circuit,bank1:3,conditional_max,0.8049907212746904,0.002309337745465559,0.8608020976005037,0.002090951522372081,0.033934224343172836,0.041659708812200685,0.5864299792697056,0.02569668795303007,520.9171346028646,101.93129266869315,3,"[11, 12, 13]",0.0,0.0,0.0,0.0
interface,circuit,bank1:3,independent,0.7787865262624795,0.0037878689026387153,0.833475825417915,0.006694101483625147,0.0650311642860643,0.044248705331172866,0.5313440107105846,0.05731618265008173,724.7136637369791,149.3204016673785,3,"[11, 12, 13]",0.0,0.0,0.0,0.0
interface,circuit,bank1:3,joint,0.7955384246373588,0.0032966122377806797,0.8452702538423527,0.007419526075980492,0.06654359699562594,0.04293636114587209,0.5573654505082951,0.05898753132225658,723.7789916992188,153.5257672965808,3,"[11, 12, 13]",0.0,0.0,0.0,0.0
interface,circuit,bank1:3,marginal_max,0.7883551103263398,0.004133970393159935,0.8499160675254718,0.003717526425339827,0.026799301673771828,0.031098244337017418,0.570125738407902,0.02268898488305611,520.9112243652344,102.03318827129006,3,"[11, 12, 13]",0.0,0.0,0.0,0.0
interface,circuit,bank1:3,relational_max,0.7105245645158543,0.014624811331675449,0.7727611150246526,0.01241779926126099,0.118158911738514,0.10228496134537957,0.4622320278390966,0.08186615458094519,11.938428243001303,0.764025886622821,3,"[11, 12, 13]",0.0,0.0,0.0,0.0
interface,circuit,bank2:6-10,conditional_max,0.7996840305722994,0.004158817745321245,0.8562705788110532,0.003016854180531061,0.033934224343172836,0.041659708812200685,0.5743704879009838,0.02453055331446394,327.07029215494794,20.38245677560676,3,"[11, 12, 13]",0.0,0.0,0.0,0.0
interface,circuit,bank2:6-10,independent,0.7737934265646566,0.003802851921040054,0.8283548234962925,0.005932815099694315,0.11868249442258294,0.04452264824831256,0.5706734976611093,0.06818991288359873,843.4345703125,49.20435375619536,3,"[11, 12, 13]",0.0,0.0,0.0,0.0
interface,circuit,bank2:6-10,joint,0.7886875788120656,0.0032348290995621457,0.8384882679345512,0.004834459169835237,0.12248392582126429,0.044795085954195166,0.5907525230497467,0.0733218931614142,847.4918416341146,47.66296332325286,3,"[11, 12, 13]",0.0,0.0,0.0,0.0
interface,circuit,bank2:6-10,marginal_max,0.7836266220619855,0.0036628874375143426,0.8459341011810961,0.00240570934854261,0.026799301673771828,0.031098244337017418,0.5587754668973363,0.020439625861605873,326.36460367838544,19.85513619899065,3,"[11, 12, 13]",0.0,0.0,0.0,0.0
interface,circuit,bank2:6-10,relational_max,0.6913969618689753,0.016908949441661974,0.7603441037256689,0.016451439688432063,0.10106551040301166,0.08568144808244806,0.43767045594903564,0.06535281977071881,11.065159479777018,0.1787340293099943,3,"[11, 12, 13]",0.0,0.0,0.0,0.0
interface,circuit,full,conditional_max,0.8056192098570826,0.0025143405989244694,0.8615258099025166,0.0020778708622292926,0.033934224343172836,0.041659708812200685,0.5887189779588252,0.023402810188220692,520.9171549479166,101.93127518785704,3,"[11, 12, 13]",0.0,0.0,0.0,0.0
interface,circuit,full,independent,0.7839787124540152,0.0011135518755548775,0.8387249297697718,0.0067289386132004525,0.08477418800947463,0.04376080214540289,0.5603096463700926,0.054422977726387906,942.857177734375,165.92368527413979,3,"[11, 12, 13]",0.0,0.0,0.0,0.0
interface,circuit,full,joint,0.7975789147820204,0.0025071771093012995,0.8479073307495976,0.0074830059980180415,0.08698251714126852,0.04415445758219103,0.5799586771002534,0.052005453607246205,948.4274698893229,163.81134822561273,3,"[11, 12, 13]",0.0,0.0,0.0,0.0
interface,circuit,full,marginal_max,0.7903967595878948,0.003709666897533004,0.8519880578818846,0.0026295131119814497,0.026799301673771828,0.031098244337017418,0.5771000509044345,0.019309331254777597,520.9112243652344,102.03318827129006,3,"[11, 12, 13]",0.0,0.0,0.0,0.0
interface,circuit,full,relational_max,0.7156109499546898,0.013202719112268618,0.7755326435269252,0.013647125321528841,0.118158911738514,0.10228496134537957,0.4622320278390966,0.08186615458094519,11.59715747833252,0.767409996094466,3,"[11, 12, 13]",0.0,0.0,0.0,0.0
interface,circuit,random1:1,conditional_max,0.8017044266903679,0.005535529649262886,0.857836683215221,0.0036639395161020983,0.047429690527766,0.03467988703167774,0.5891230546872374,0.016438393559541905,522.0868428548177,101.89016282697821,3,"[11, 12, 13]",0.0,0.0,0.0,0.0
interface,circuit,random1:1,independent,0.7790600696374156,0.0015396020847474841,0.8345888695147163,0.004677409737615894,0.08275311592239686,0.030151391246672026,0.5413424596844573,0.049400544330647375,943.0543823242188,162.389325997787,3,"[11, 12, 13]",0.0,0.0,0.0,0.0
interface,circuit,random1:1,joint,0.7917127654295227,0.0009644193155795716,0.8434102833659093,0.004870537841615802,0.0833550193513795,0.030695609181587005,0.5600970383500322,0.05841016144823834,947.8376057942709,156.48818930161806,3,"[11, 12, 13]",0.0,0.0,0.0,0.0
interface,circuit,random1:1,marginal_max,0.7871741002135068,0.005472073401947676,0.8485045602443361,0.0035833728764374526,0.05601188661067583,0.04341381390400842,0.5814269278384082,0.021451790759538954,522.201405843099,102.28455672548363,3,"[11, 12, 13]",0.0,0.0,0.0,0.0
interface,circuit,random1:1,relational_max,0.7072834185114646,0.015446005116563138,0.7698340371973919,0.012442928371364506,0.08331618295304845,0.07812334675583334,0.4222493685541804,0.07279005464254794,11.509941101074219,0.8659070845122102,3,"[11, 12, 13]",0.0,0.0,0.0,0.0
interface,circuit,random3:5-8-14,conditional_max,0.7868646716699933,0.0039928542416495846,0.8464839984398168,0.0027692899970961707,0.05573205395951052,0.04221096731657566,0.5661468906785759,0.029336353427401218,521.2129414876302,101.75196613686042,3,"[11, 12, 13]",0.0,0.0,0.0,0.0
interface,circuit,random3:5-8-14,independent,0.7668491960148277,0.004402643236697903,0.8235637914995181,0.0072589775043333,0.11235106808194763,0.07322868820968756,0.5568578235499222,0.06495321522494366,854.3447469075521,232.52136575346333,3,"[11, 12, 13]",0.0,0.0,0.0,0.0
interface,circuit,random3:5-8-14,joint,0.7789948576103437,0.005745964495934213,0.8321346611136425,0.007823407547944491,0.11900270234917688,0.07579513798022539,0.5750210684423689,0.06603700233758715,854.7466837565104,233.63500781449628,3,"[11, 12, 13]",0.0,0.0,0.0,0.0
interface,circuit,random3:5-8-14,marginal_max,0.7694652475121101,0.00360958984887892,0.8350045342984606,0.0029462871388585693,0.06660106190619085,0.051750132158585004,0.5574342140164975,0.03394233503189693,521.711669921875,101.55181051724162,3,"[11, 12, 13]",0.0,0.0,0.0,0.0
interface,circuit,random3:5-8-14,relational_max,0.6752684329033979,0.023237230924269967,0.7348921730942045,0.023359504819498538,0.07131751772644677,0.08018901530205828,0.3273931867431408,0.1107156876710599,10.61466153462728,0.45038504478820496,3,"[11, 12, 13]",0.0,0.0,0.0,0.0
interface,circuit,random7:3-4-8-10-11-12-14,conditional_max,0.7556529269864334,0.003110936797160348,0.8211419716234865,0.0018954413542898122,0.04450039747575559,0.03913546311187992,0.5044921037381349,0.033375601248352114,433.18480428059894,40.23827025379308,3,"[11, 12, 13]",0.0,0.0,0.0,0.0
interface,circuit,random7:3-4-8-10-11-12-14,independent,0.7317648649680085,0.004374826107015031,0.7964778069562435,0.00781945323228802,0.06228406618305429,0.011957790061164143,0.47785183286336835,0.027688923293702716,570.4335021972656,84.29221492701555,3,"[11, 12, 13]",0.0,0.0,0.0,0.0
interface,circuit,random7:3-4-8-10-11-12-14,joint,0.7485378382041593,0.009893234592764642,0.8088361699568022,0.010184229122182618,0.07249787695705683,0.013356574768287069,0.5055603679212161,0.031534387782538156,579.659413655599,95.4066209211326,3,"[11, 12, 13]",0.0,0.0,0.0,0.0
interface,circuit,random7:3-4-8-10-11-12-14,marginal_max,0.7367318496587597,0.0015304287881100034,0.806339822291234,0.0032155481902278534,0.05706982411849678,0.04573177886247447,0.4866367557555016,0.04385579003308701,432.9401448567708,40.16908142577799,3,"[11, 12, 13]",0.0,0.0,0.0,0.0
interface,circuit,random7:3-4-8-10-11-12-14,relational_max,0.637973097037404,0.03022297694235792,0.6986063304936231,0.039427643932867296,0.044565718758871324,0.04617671307763679,0.25459640315826176,0.10421925937362084,11.497289021809896,0.17677701046478173,3,"[11, 12, 13]",0.0,0.0,0.0,0.0
interface,circuit,single_sensor_0,conditional_max,0.5609889645857401,0.004825858543909316,0.61270076876889,0.008027440994612991,0.07583355505312568,0.045152318194755736,0.18091051308187275,0.05278071669282619,73.60392506917317,13.950356616970806,3,"[11, 12, 13]",0.0,0.0,0.0,0.0
interface,circuit,single_sensor_0,independent,0.5609889645857401,0.004825858543909316,0.61270076876889,0.008027440994612991,0.07583355505312568,0.045152318194755736,0.18091051308187275,0.05278071669282619,73.60392506917317,13.950356616970806,3,"[11, 12, 13]",0.0,0.0,0.0,0.0
interface,circuit,single_sensor_0,joint,0.5609870291330861,0.004824556016855088,0.6127195931930656,0.008030009450469,0.07583355505312568,0.045152318194755736,0.18091051308187275,0.05278071669282619,73.60391743977864,13.950363420279798,3,"[11, 12, 13]",0.0,0.0,0.0,0.0
interface,circuit,single_sensor_0,marginal_max,0.5609889645857401,0.004825858543909316,0.61270076876889,0.008027440994612991,0.07583355505312568,0.045152318194755736,0.18091051308187275,0.05278071669282619,73.60392506917317,13.950356616970806,3,"[11, 12, 13]",0.0,0.0,0.0,0.0
interface,circuit,single_sensor_0,relational_max,0.5,0.0,0.5,0.0,0.0,0.0,0.0,0.0,0.0,0.0,3,"[11, 12, 13]",1.0,0.0,0.0,0.0
mixture,circuit,bank0:0-1-2-4-5-7-8,conditional_max,0.742902019804259,0.02047329579780836,0.8112378802751312,0.018218491307644625,0.023331847102031195,0.011280648654382166,0.4704693939618512,0.02406663689250953,539.5476481119791,117.16810053474958,3,"[11, 12, 13]",0.0,0.0,0.0,0.0
mixture,circuit,bank0:0-1-2-4-5-7-8,independent,0.731320004788512,0.00583330995416465,0.7954288929432544,0.009070580028584081,0.0679452305541618,0.026911709850501033,0.4708608761961226,0.057094606155826226,842.9518229166666,291.0100105516108,3,"[11, 12, 13]",0.0,0.0,0.0,0.0
mixture,circuit,bank0:0-1-2-4-5-7-8,joint,0.7442384519710593,0.009142942591557474,0.805307831987142,0.010811925990567288,0.07205601674622257,0.03591886138094275,0.4870984998783072,0.06643021755417335,853.0733846028646,280.761890305643,3,"[11, 12, 13]",0.0,0.0,0.0,0.0
mixture,circuit,bank0:0-1-2-4-5-7-8,marginal_max,0.7294128920834672,0.016991180121597477,0.8001669691798882,0.01576863741581285,0.031967336928636195,0.02036130582627228,0.45843727840676,0.032503972702085056,539.7431233723959,117.61082040618228,3,"[11, 12, 13]",0.0,0.0,0.0,0.0
mixture,circuit,bank0:0-1-2-4-5-7-8,relational_max,0.6581812803524462,0.029294411382334032,0.7173624284978423,0.02738216787286593,0.03786978102993804,0.0226244043862151,0.2690092020800759,0.06465692580215769,13.967795689900717,1.3725732682014251,3,"[11, 12, 13]",0.0,0.0,0.0,0.0
mixture,circuit,bank1:3,conditional_max,0.8114566247700812,0.002873613409754426,0.8665994541497803,0.0022341332936227933,0.03887211647841745,0.03404424682843992,0.6012730563273565,0.01868109429323928,537.1633809407552,117.23845647872423,3,"[11, 12, 13]",0.0,0.0,0.0,0.0
mixture,circuit,bank1:3,independent,0.7795940577748924,0.004958105495004394,0.8356188739832634,0.0067033759537965835,0.047519633844443014,0.02152135786509297,0.5221425380861958,0.039211603560513224,751.4866129557291,167.9111775122187,3,"[11, 12, 13]",0.0,0.0,0.0,0.0
mixture,circuit,bank1:3,joint,0.8069065494118554,0.002359324208789498,0.8549641580103507,0.006847890035683946,0.03635386559852397,0.010840509489909398,0.5444130864488508,0.03155226285042959,753.7376302083334,172.99628713980945,3,"[11, 12, 13]",0.0,0.0,0.0,0.0
mixture,circuit,bank1:3,marginal_max,0.7874844330501417,0.0043678758749657615,0.8499323879761893,0.003262715890283253,0.026181321028796032,0.026511989922381855,0.5713561921377149,0.021259202036766418,537.0757751464844,117.92885096194611,3,"[11, 12, 13]",0.0,0.0,0.0,0.0
mixture,circuit,bank1:3,relational_max,0.7302706000047832,0.01004615717156566,0.7945709171387865,0.009161663667085316,0.03581655451087399,0.021495774854553392,0.4236604378591304,0.03306960005818598,15.315035502115885,1.2901953374132338,3,"[11, 12, 13]",0.0,0.0,0.0,0.0
mixture,circuit,bank2:6-10,conditional_max,0.8056822436275008,0.002838605568983557,0.8617556906960253,0.001981812890298138,0.037920887948284014,0.036556470492070864,0.5891462188372326,0.0193609035173938,336.5051981608073,14.643412690662975,3,"[11, 12, 13]",0.0,0.0,0.0,0.0
mixture,circuit,bank2:6-10,independent,0.7752378849519377,0.0035141129717180014,0.831437431698565,0.005392246509556034,0.09712971073565209,0.051556086175477876,0.5640844308969264,0.05794736485695996,826.1483561197916,46.49150974489011,3,"[11, 12, 13]",0.0,0.0,0.0,0.0
mixture,circuit,bank2:6-10,joint,0.8002284523623816,0.003521148469256448,0.8490641790274555,0.004615128699513554,0.10392936068160917,0.05422591019456669,0.593480061214911,0.06312294010765641,831.2765909830729,44.229442611540435,3,"[11, 12, 13]",0.0,0.0,0.0,0.0
mixture,circuit,bank2:6-10,marginal_max,0.7833818323063274,0.0034233123302891476,0.8463859591456182,0.0018398823327274,0.026181321028796032,0.026511989922381855,0.5622275731948668,0.019679486619655275,333.9788004557292,12.244512118042337,3,"[11, 12, 13]",0.0,0.0,0.0,0.0
mixture,circuit,bank2:6-10,relational_max,0.724259866827242,0.010296849823072524,0.7908554612333226,0.012721487587631754,0.08759847294795801,0.05966800589789616,0.4761543299344398,0.07867226874612185,14.178815205891928,0.4883434698477235,3,"[11, 12, 13]",0.0,0.0,0.0,0.0
mixture,circuit,full,conditional_max,0.8117849764195818,0.002676409255685288,0.8670098306398207,0.002007466860766374,0.03887211647841745,0.03404424682843992,0.603642724573802,0.01478654944220925,537.1634216308594,117.23852695433955,3,"[11, 12, 13]",0.0,0.0,0.0,0.0
mixture,circuit,full,independent,0.7841023417063783,0.002588779799818966,0.8403235242320948,0.006902251811401454,0.07667471337401639,0.04918212033692808,0.5583651941637681,0.054867437248890684,952.6440022786459,200.8011435897497,3,"[11, 12, 13]",0.0,0.0,0.0,0.0
mixture,circuit,full,joint,0.8077829393272968,0.002169669951796148,0.8562137264606559,0.006933421294711078,0.06916236084805087,0.032357560802124964,0.5790293168236119,0.04776250289373876,963.9551798502604,196.7616142254073,3,"[11, 12, 13]",0.0,0.0,0.0,0.0
mixture,circuit,full,marginal_max,0.7899285901290067,0.003619536669809367,0.8522956896248871,0.00209557813003931,0.026181321028796032,0.026511989922381855,0.5791203940497293,0.015934142894514124,537.0757751464844,117.92885096194611,3,"[11, 12, 13]",0.0,0.0,0.0,0.0
mixture,circuit,full,relational_max,0.7333025911637416,0.011971105207247716,0.7976542835424721,0.010823763997287746,0.03739633334183765,0.021639513953998372,0.4330584412875866,0.04234983502278523,14.545614242553711,0.9588037514265167,3,"[11, 12, 13]",0.0,0.0,0.0,0.0
mixture,circuit,random1:1,conditional_max,0.8117316865491654,0.006920684865398167,0.8656063601124457,0.0034839269527673555,0.06109706548286522,0.034944977137316285,0.6134448047306701,0.025107630040499977,538.4708862304688,117.2059370119334,3,"[11, 12, 13]",0.0,0.0,0.0,0.0
mixture,circuit,random1:1,independent,0.7794878913213883,0.0024696007299189362,0.8361716184811562,0.004785641125796098,0.07221735586087417,0.03913768515977284,0.5489033273357623,0.05617622262172694,951.6127522786459,198.3150110519081,3,"[11, 12, 13]",0.0,0.0,0.0,0.0
mixture,circuit,random1:1,joint,0.8024770371436659,0.0012508239361434883,0.8516660663656511,0.004505145042173881,0.06486634244956026,0.023376040876374144,0.5657926654687723,0.040289798026526394,961.181884765625,187.36553527838566,3,"[11, 12, 13]",0.0,0.0,0.0,0.0
mixture,circuit,random1:1,marginal_max,0.7858325818407361,0.004781926210107298,0.8484789662709838,0.003141649379264314,0.05705435435398951,0.03729698827395219,0.5858169392301483,0.02424119022762649,538.2002665201823,117.99744505198927,3,"[11, 12, 13]",0.0,0.0,0.0,0.0
mixture,circuit,random1:1,relational_max,0.7242328252446274,0.006738608312785162,0.7905602392368755,0.005369647007933637,0.03732898722043564,0.021409316157308532,0.41822593388579027,0.0387393692684053,14.643204689025879,0.8709092459758944,3,"[11, 12, 13]",0.0,0.0,0.0,0.0
mixture,circuit,random3:5-8-14,conditional_max,0.7914108691616221,0.005421910946013263,0.8509818921628715,0.004206685132289007,0.10644076760809497,0.09075980209370035,0.6105967481907059,0.05071060779494828,537.1832173665365,117.27281312876173,3,"[11, 12, 13]",0.0,0.0,0.0,0.0
mixture,circuit,random3:5-8-14,independent,0.7664778584412675,0.00395850024395002,0.8250766066225155,0.006861118057313548,0.09239268255840748,0.06804972311191637,0.5358949157525533,0.06570886893007638,867.0709025065104,266.9106225281414,3,"[11, 12, 13]",0.0,0.0,0.0,0.0
mixture,circuit,random3:5-8-14,joint,0.7867164586876424,0.003817552536815972,0.8389257124183339,0.005976154302938832,0.07836338800801675,0.06792890567519196,0.5514198368547296,0.0707346464600721,873.0417073567709,269.6826782506173,3,"[11, 12, 13]",0.0,0.0,0.0,0.0
mixture,circuit,random3:5-8-14,marginal_max,0.7693025845080177,0.005544672513549737,0.8356131300372004,0.004285521301059033,0.0980774160471674,0.08618083403263191,0.5814991740684631,0.048089729585375704,537.693613688151,117.40404650954052,3,"[11, 12, 13]",0.0,0.0,0.0,0.0
mixture,circuit,random3:5-8-14,relational_max,0.6991431486614031,0.007649044041378623,0.7647084538397398,0.00884905131461154,0.15611154915112704,0.06915853146354817,0.48092565887225414,0.07762591990530253,14.531689961751303,0.9713498873615105,3,"[11, 12, 13]",0.0,0.0,0.0,0.0
mixture,circuit,random7:3-4-8-10-11-12-14,conditional_max,0.7599647018834584,0.007339233302329182,0.8250467025343147,0.004310723538496772,0.09688288294855331,0.08781364288246639,0.5442433240069282,0.05592492308842671,429.67795817057294,50.60006773766549,3,"[11, 12, 13]",0.0,0.0,0.0,0.0
mixture,circuit,random7:3-4-8-10-11-12-14,independent,0.7337448240148291,0.0023534773336283932,0.799384862613469,0.0075293253339426035,0.054692501983329096,0.02308450353087871,0.4708621720926258,0.025446534146728997,567.3184102376302,69.37797803946992,3,"[11, 12, 13]",0.0,0.0,0.0,0.0
mixture,circuit,random7:3-4-8-10-11-12-14,joint,0.7578370912685984,0.008499444749578,0.8176641374329203,0.01004872566905299,0.058450480352386654,0.030487152947490395,0.5000670626440419,0.028326598099717527,581.7408142089844,83.31266314642207,3,"[11, 12, 13]",0.0,0.0,0.0,0.0
mixture,circuit,random7:3-4-8-10-11-12-14,marginal_max,0.7369575680983104,0.001993977139733788,0.8068218539315598,0.0028096938626585998,0.08924207468170554,0.08214695193224981,0.5080500685812728,0.06304476309982827,428.86219278971356,52.04623046138261,3,"[11, 12, 13]",0.0,0.0,0.0,0.0
mixture,circuit,random7:3-4-8-10-11-12-14,relational_max,0.6687271276867007,0.025156923448302036,0.7325110740717112,0.028817014056530844,0.0394103184949134,0.04709012205481587,0.29694006438175813,0.11057067148191804,14.952158610026041,1.5931512531256062,3,"[11, 12, 13]",0.0,0.0,0.0,0.0
mixture,circuit,single_sensor_0,conditional_max,0.5612505457224017,0.004484906554674386,0.6129150373066314,0.008094623836923774,0.07157677802062339,0.02803717311788195,0.17816616875893207,0.03464658872051291,71.77804311116536,13.733839305183935,3,"[11, 12, 13]",0.0,0.0,0.0,0.0
mixture,circuit,single_sensor_0,independent,0.5612505457224017,0.004484906554674386,0.6129150373066314,0.008094623836923774,0.07157677802062339,0.02803717311788195,0.17816616875893207,0.03464658872051291,71.77804311116536,13.733839305183935,3,"[11, 12, 13]",0.0,0.0,0.0,0.0
mixture,circuit,single_sensor_0,joint,0.5612495779960747,0.004484503507218138,0.6129055655005271,0.008094267751834805,0.07157677802062339,0.02803717311788195,0.17816616875893207,0.03464658872051291,71.77804311116536,13.733839305183935,3,"[11, 12, 13]",0.0,0.0,0.0,0.0
mixture,circuit,single_sensor_0,marginal_max,0.5612505457224017,0.004484906554674386,0.6129150373066314,0.008094623836923774,0.07157677802062339,0.02803717311788195,0.17816616875893207,0.03464658872051291,71.77804311116536,13.733839305183935,3,"[11, 12, 13]",0.0,0.0,0.0,0.0
mixture,circuit,single_sensor_0,relational_max,0.5,0.0,0.5,0.0,0.0,0.0,0.0,0.0,0.0,0.0,3,"[11, 12, 13]",1.0,0.0,0.0,0.0
random,circuit,bank0:0-1-2-4-5-7-8,conditional_max,0.7464655602573497,0.01995977456400993,0.8162375796672277,0.01649954329813612,0.043866056137426584,0.04363879453867758,0.5040655918015108,0.020843613470746154,448.5536804199219,51.59931843127204,3,"[11, 12, 13]",0.0,0.0,0.0,0.0
random,circuit,bank0:0-1-2-4-5-7-8,independent,0.7245581321443115,0.015261288979191214,0.7870627570383975,0.014433060754932902,0.04915631063125144,0.04923430891327448,0.4137138247453867,0.021337831779534376,860.8052978515625,159.39805386155004,3,"[11, 12, 13]",0.0,0.0,0.0,0.0
random,circuit,bank0:0-1-2-4-5-7-8,joint,0.743267052810194,0.019047832980021256,0.8055390152703202,0.014831137757757797,0.07078846797900486,0.041911357898495434,0.4819915742429231,0.03669210573296714,912.641845703125,148.55429704937316,3,"[11, 12, 13]",0.0,0.0,0.0,0.0
random,circuit,bank0:0-1-2-4-5-7-8,marginal_max,0.7303468909321215,0.013224235879702654,0.8001184065996098,0.011138639944391125,0.049777773998079644,0.01585825471894676,0.4737601611447302,0.03270990671025378,444.3346761067708,53.6094292547255,3,"[11, 12, 13]",0.0,0.0,0.0,0.0
random,circuit,bank0:0-1-2-4-5-7-8,relational_max,0.6804248275215002,0.01979535590235514,0.7435891970763965,0.02587930592323405,0.1312528929877015,0.1727039754223027,0.41212663500629515,0.12107136854021923,101.4249776204427,13.021426121951192,3,"[11, 12, 13]",0.0,0.0,0.0,0.0
random,circuit,bank1:3,conditional_max,0.8353083887529692,0.009655966857465585,0.8852615005600866,0.006601547869068401,0.060948158875291425,0.0809176587630332,0.6633844847981216,0.030687351215008807,443.7498372395833,51.72788977430127,3,"[11, 12, 13]",0.0,0.0,0.0,0.0
random,circuit,bank1:3,independent,0.7654270634585584,0.010951791215098193,0.8144932121231898,0.016860203030984542,0.06644960400237636,0.04311935781723418,0.4726522506280036,0.07271489082351,723.4200439453125,94.87100647951256,3,"[11, 12, 13]",0.0,0.0,0.0,0.0
random,circuit,bank1:3,joint,0.8109180413507283,0.009558155178478545,0.8555202707769722,0.008230986365430789,0.059887751064761206,0.011754008533392762,0.5651920579362929,0.028840151796650237,806.7735188802084,103.21734225945522,3,"[11, 12, 13]",0.0,0.0,0.0,0.0
random,circuit,bank1:3,marginal_max,0.7919205245239933,0.0028991204869810118,0.8516748727545909,0.0015251449035824402,0.05803510502633707,0.02909929453787994,0.5861452465098876,0.025962726937358876,441.2591959635417,53.79499254557154,3,"[11, 12, 13]",0.0,0.0,0.0,0.0
random,circuit,bank1:3,relational_max,0.7435199041885995,0.011813554484131347,0.8067181492382351,0.014211610778295055,0.09412290687404251,0.07770540593315933,0.5119924287246799,0.030570351008146122,126.71606190999348,5.855027560098921,3,"[11, 12, 13]",0.0,0.0,0.0,0.0
random,circuit,bank2:6-10,conditional_max,0.826165981171567,0.012103687584045529,0.8783547517980729,0.008444180707011962,0.04446998440469552,0.0616799057048487,0.6379923242430242,0.0195767472119849,367.90907796223956,47.43137936837584,3,"[11, 12, 13]",0.0,0.0,0.0,0.0
random,circuit,bank2:6-10,independent,0.7669412858691006,0.009937208297917879,0.8166419295886613,0.01778231634347372,0.10885797905750257,0.04619516367672322,0.5145919566133851,0.09316749388335369,905.2243448893229,49.23043191598365,3,"[11, 12, 13]",0.0,0.0,0.0,0.0
random,circuit,bank2:6-10,joint,0.8087363311248253,0.007691278946705572,0.8549521527561939,0.008409848494466809,0.09531067701278038,0.049381340774871656,0.5874077331813895,0.0821991199396123,938.0133870442709,65.91845875797638,3,"[11, 12, 13]",0.0,0.0,0.0,0.0
random,circuit,bank2:6-10,marginal_max,0.7864353458290628,0.0021515950697639707,0.8478572000501553,0.0008625465301233806,0.04489317560653019,0.016342596086067872,0.5719314486948499,0.015273220036450534,362.13353474934894,44.74020253402281,3,"[11, 12, 13]",0.0,0.0,0.0,0.0
random,circuit,bank2:6-10,relational_max,0.7407374866531901,0.007757176467616281,0.804883016677191,0.0075525284248082435,0.16284207111799018,0.19866613505469488,0.5368581313253417,0.13189810559374593,111.82843526204427,3.3495742418078525,3,"[11, 12, 13]",0.0,0.0,0.0,0.0
random,circuit,full,conditional_max,0.8355347799291125,0.009886237465856613,0.8853775443283417,0.0066609582886590435,0.060144946023885794,0.07952898261774216,0.6633844847981216,0.030687351215008807,447.0770263671875,49.7574391207014,3,"[11, 12, 13]",0.0,0.0,0.0,0.0
random,circuit,full,independent,0.7721510244658397,0.011563587753431895,0.8231316441516738,0.015906594255212635,0.05119969643624411,0.012713957377808635,0.4817500110353687,0.04518901253146295,981.0245768229166,72.43676502539351,3,"[11, 12, 13]",0.0,0.0,0.0,0.0
random,circuit,full,joint,0.8126822627641755,0.01025023700281217,0.8576900748888407,0.008943436029785253,0.06853308160543758,0.018117193063440274,0.5832886856491206,0.026913645116701166,1041.8739217122395,80.86277535048268,3,"[11, 12, 13]",0.0,0.0,0.0,0.0
random,circuit,full,marginal_max,0.7932264353532249,0.0026349308355649967,0.8532910767228761,0.0006135221800097669,0.05803510502633707,0.02909929453787994,0.5923163461550144,0.021450860251588946,441.2591959635417,53.79499254557154,3,"[11, 12, 13]",0.0,0.0,0.0,0.0
random,circuit,full,relational_max,0.7511621989449958,0.01527343672363765,0.8117378967407212,0.01608963319411289,0.09554134659035457,0.07802103993732575,0.519433952407391,0.031055293978569827,123.0280278523763,10.730352051087886,3,"[11, 12, 13]",0.0,0.0,0.0,0.0
random,circuit,random1:1,conditional_max,0.8303118251626067,0.01077391082510245,0.8817397268902957,0.008008876940647192,0.060962940194781344,0.05918305833366251,0.6611502377362631,0.019652552248002605,447.49814860026044,49.16159411709426,3,"[11, 12, 13]",0.0,0.0,0.0,0.0
random,circuit,random1:1,independent,0.7684413496715153,0.009668376933158494,0.8202368155504014,0.014211600866844925,0.04395948217595602,0.01170583947950361,0.4687659380083609,0.04484624235153708,976.4391072591146,68.84767408314828,3,"[11, 12, 13]",0.0,0.0,0.0,0.0
random,circuit,random1:1,joint,0.8072696400414187,0.006927107445478072,0.8543335142684688,0.0061682212640128825,0.06329988705452039,0.018739481974741283,0.5653134267431731,0.034303130849883054,1030.5548095703125,63.96277228613565,3,"[11, 12, 13]",0.0,0.0,0.0,0.0
random,circuit,random1:1,marginal_max,0.7878810596130582,0.003948969053756214,0.8486244328660705,0.0013363736423883106,0.0683843369849267,0.011181605228270443,0.5887709758060172,0.007956717766434796,442.3857828776042,53.67222332433891,3,"[11, 12, 13]",0.0,0.0,0.0,0.0
random,circuit,random1:1,relational_max,0.7466917644082902,0.012190905733316038,0.8088273404854024,0.01407562631652135,0.08391184988010932,0.07364162322963752,0.5074144313464405,0.03531510928525721,121.77211507161458,11.346111676151226,3,"[11, 12, 13]",0.0,0.0,0.0,0.0
random,circuit,random3:5-8-14,conditional_max,0.8072116593162552,0.007603080957005295,0.8640354248137289,0.004840276640687303,0.11213060368933635,0.08873460486719284,0.6437131403500459,0.047604656860871085,448.7334493001302,49.854227786393494,3,"[11, 12, 13]",0.0,0.0,0.0,0.0
random,circuit,random3:5-8-14,independent,0.757392805258728,0.011609927741480335,0.8110669530698957,0.013193650857810114,0.07321288785271164,0.04304865500874095,0.47102002848542507,0.013690323203935347,883.8599039713541,148.25963060158742,3,"[11, 12, 13]",0.0,0.0,0.0,0.0
random,circuit,random3:5-8-14,joint,0.7894836071556957,0.010064880670377791,0.8393562047121992,0.006836177498659783,0.08524224962773348,0.060203448844009404,0.5570401399892199,0.05029687873343813,951.5488077799479,152.00970290745974,3,"[11, 12, 13]",0.0,0.0,0.0,0.0
random,circuit,random3:5-8-14,marginal_max,0.7727296729887391,0.004110676479126878,0.8363346913567055,0.003342942351388019,0.05917156576290034,0.0337952726995973,0.5519464162994622,0.020485186468993465,441.801513671875,53.2608855897851,3,"[11, 12, 13]",0.0,0.0,0.0,0.0
random,circuit,random3:5-8-14,relational_max,0.7182155416363778,0.0166957306807124,0.7819303427706856,0.021831632055150797,0.13003952889302495,0.12326483949627254,0.48982700996584905,0.07551610675609216,112.21056874593098,17.613369594173403,3,"[11, 12, 13]",0.0,0.0,0.0,0.0
random,circuit,random7:3-4-8-10-11-12-14,conditional_max,0.7717353707438109,0.011941882588874212,0.8360261805990225,0.008708645676012799,0.0736638598358342,0.06425611346033092,0.5590119680091749,0.0271081765245373,388.0845947265625,34.20819809033421,3,"[11, 12, 13]",0.0,0.0,0.0,0.0
random,circuit,random7:3-4-8-10-11-12-14,independent,0.7255590538374062,0.008992014679131388,0.7845119380809388,0.013506642337108103,0.06972704774933149,0.04060375562083013,0.4382227103432384,0.0676773743622301,540.8795369466146,104.80503913296353,3,"[11, 12, 13]",0.0,0.0,0.0,0.0
random,circuit,random7:3-4-8-10-11-12-14,joint,0.7579454950129086,0.011394857287516331,0.8157867924360417,0.010378362497708581,0.0739142918350826,0.021318113228071426,0.5130139191433476,0.04082050982716487,610.7784525553385,135.68904597401115,3,"[11, 12, 13]",0.0,0.0,0.0,0.0
random,circuit,random7:3-4-8-10-11-12-14,marginal_max,0.7417549094220045,0.005183483492877087,0.8105519448496774,0.003246845777507427,0.026330065649306917,0.008798522217524208,0.47693709191915384,0.01760606490496378,373.7583312988281,21.998722131652674,3,"[11, 12, 13]",0.0,0.0,0.0,0.0
random,circuit,random7:3-4-8-10-11-12-14,relational_max,0.6611265674740995,0.020588426515394512,0.726211939520772,0.024692597075305814,0.14122064541315407,0.13681669343722408,0.41190564415572956,0.10339884495083371,103.2157974243164,15.079975920453077,3,"[11, 12, 13]",0.0,0.0,0.0,0.0
random,circuit,single_sensor_0,conditional_max,0.5618547277988895,0.005687532203491982,0.6138453385602857,0.00926583696914989,0.07740636844038451,0.019288514826719994,0.18335388544193917,0.022628554632960433,68.06969960530598,2.262207857716987,3,"[11, 12, 13]",0.0,0.0,0.0,0.0
random,circuit,single_sensor_0,independent,0.5618547277988895,0.005687532203491982,0.6138453385602857,0.00926583696914989,0.07740636844038451,0.019288514826719994,0.18335388544193917,0.022628554632960433,68.06969960530598,2.262207857716987,3,"[11, 12, 13]",0.0,0.0,0.0,0.0
random,circuit,single_sensor_0,joint,0.5618547277988895,0.005687532203491982,0.6138453385602857,0.00926583696914989,0.07740636844038451,0.019288514826719994,0.18335388544193917,0.022628554632960433,68.06969960530598,2.262207857716987,3,"[11, 12, 13]",0.0,0.0,0.0,0.0
random,circuit,single_sensor_0,marginal_max,0.5618547277988895,0.005687532203491982,0.6138453385602857,0.00926583696914989,0.07740636844038451,0.019288514826719994,0.18335388544193917,0.022628554632960433,68.06969960530598,2.262207857716987,3,"[11, 12, 13]",0.0,0.0,0.0,0.0
random,circuit,single_sensor_0,relational_max,0.5,0.0,0.5,0.0,0.0,0.0,0.0,0.0,0.0,0.0,3,"[11, 12, 13]",1.0,0.0,0.0,0.0
unblocked,circuit,bank0:0-1-2-4-5-7-8,conditional_max,0.7514682756080199,0.014973660062557938,0.8196140620108051,0.014305300799903772,0.052690260892313844,0.031170979425568384,0.5183909177093572,0.014954261586432382,533.590342203776,67.56987046706503,3,"[11, 12, 13]",0.0,0.0,0.0,0.0
unblocked,circuit,bank0:0-1-2-4-5-7-8,independent,0.7243190361412936,0.00581441600173246,0.784136288942061,0.007497364614789312,0.0964029557779368,0.020827704783771345,0.4527263030138098,0.039070176164117794,899.5244954427084,225.00560784375998,3,"[11, 12, 13]",0.0,0.0,0.0,0.0
unblocked,circuit,bank0:0-1-2-4-5-7-8,joint,0.75156788405198,0.009447894138501924,0.8105120051340885,0.009370128292365085,0.09044867581650591,0.05627123954540983,0.5114061975440332,0.07459103528028127,965.8346761067709,223.0521263733654,3,"[11, 12, 13]",0.0,0.0,0.0,0.0
unblocked,circuit,bank0:0-1-2-4-5-7-8,marginal_max,0.7321381034069269,0.012159148364234183,0.8020081715732456,0.010841937490742509,0.06536425018415905,0.030097212950944804,0.48725619428404343,0.009566600988401926,532.4369303385416,67.88617465116917,3,"[11, 12, 13]",0.0,0.0,0.0,0.0
unblocked,circuit,bank0:0-1-2-4-5-7-8,relational_max,0.6959673155225259,0.02091800634131283,0.7658507968111744,0.021815437655098264,0.09834724599719842,0.07133998056840116,0.43663726196507313,0.031853549467917346,90.37379455566406,12.827868809938112,3,"[11, 12, 13]",0.0,0.0,0.0,0.0
unblocked,circuit,bank1:3,conditional_max,0.8349922023398827,0.002428090518823244,0.8863223498206919,0.003668814764476491,0.02555277072796581,0.025590563026685328,0.6583078507435004,0.010756273108934738,531.1374816894531,67.90960726866473,3,"[11, 12, 13]",0.0,0.0,0.0,0.0
unblocked,circuit,bank1:3,independent,0.7596618542863937,0.010742256660899261,0.8046101248062367,0.009408039163232046,0.08973091114078174,0.056680714460342466,0.4694393992223811,0.07231196694715593,826.242431640625,107.46089752805612,3,"[11, 12, 13]",0.0,0.0,0.0,0.0
unblocked,circuit,bank1:3,joint,0.8181512392769642,0.005344698365571653,0.8635250820131452,0.007427194201205828,0.09173938873371879,0.08474717162137388,0.6113522153553207,0.09365448146699996,824.8812459309896,145.46052018241681,3,"[11, 12, 13]",0.0,0.0,0.0,0.0
unblocked,circuit,bank1:3,marginal_max,0.7927495852991614,0.0073662145536439495,0.8529022923477981,0.00531221992680846,0.08118576959851102,0.0699525063872295,0.6015563312036084,0.05708512348944478,530.1084798177084,67.60030263481882,3,"[11, 12, 13]",0.0,0.0,0.0,0.0
unblocked,circuit,bank1:3,relational_max,0.7551938574709952,0.01984173399046294,0.8195657947197189,0.016524232799166684,0.050365625049355434,0.023092828957325708,0.4984872838130783,0.0262042723356852,107.86608123779297,12.424324229654074,3,"[11, 12, 13]",0.0,0.0,0.0,0.0
unblocked,circuit,bank2:6-10,conditional_max,0.8242746091720874,0.004400269789419618,0.8779458774480084,0.005174482060553437,0.024749557876560187,0.024303198041134635,0.6355399616009668,0.006307492702040172,369.2814534505208,41.31679015475502,3,"[11, 12, 13]",0.0,0.0,0.0,0.0
unblocked,circuit,bank2:6-10,independent,0.7600298634147197,0.0135844192006571,0.8051704844812603,0.01429009356878623,0.11049178057394445,0.053291794725038165,0.4885712457574576,0.09331311646347236,925.0980224609375,44.91255666332137,3,"[11, 12, 13]",0.0,0.0,0.0,0.0
unblocked,circuit,bank2:6-10,joint,0.8104759453027851,0.0037956268411772636,0.8566890473523577,0.007500203615842248,0.11189616791254968,0.04318318490986789,0.6087431302299041,0.0776136559936868,943.2383829752604,54.646340779877384,3,"[11, 12, 13]",0.0,0.0,0.0,0.0
unblocked,circuit,bank2:6-10,marginal_max,0.7881936446281385,0.006459631026513095,0.8489386614081585,0.004197503301314479,0.08118576959851102,0.0699525063872295,0.5939268215343981,0.05492005496465048,365.2176920572917,32.87116644704985,3,"[11, 12, 13]",0.0,0.0,0.0,0.0
unblocked,circuit,bank2:6-10,relational_max,0.7476575222396059,0.010631491714729508,0.8143997810985786,0.00952149538383931,0.04097110434275166,0.01317517368006804,0.4794527510060409,0.01038296769766641,101.7596918741862,5.001820043806192,3,"[11, 12, 13]",0.0,0.0,0.0,0.0
unblocked,circuit,full,conditional_max,0.8351246957161926,0.0027194297280078807,0.8864565575851637,0.0038630972396519964,0.024749557876560187,0.024303198041134635,0.659111063594906,0.010520373178181138,531.1373697916666,67.90967873940362,3,"[11, 12, 13]",0.0,0.0,0.0,0.0
unblocked,circuit,full,independent,0.7681060518664928,0.009860660395832114,0.8156583793565443,0.01004155344249852,0.10006333694159515,0.05563896249978543,0.5038535912329362,0.07542563324310635,1028.211690266927,138.1434616011096,3,"[11, 12, 13]",0.0,0.0,0.0,0.0
unblocked,circuit,full,joint,0.8204688652064925,0.005983825638815812,0.8655414908108711,0.00841942175110772,0.09478814724462031,0.073327513646601,0.6129551583362794,0.07096226584325734,1080.323221842448,178.11453920115395,3,"[11, 12, 13]",0.0,0.0,0.0,0.0
unblocked,circuit,full,marginal_max,0.7943625722630202,0.0060946187414099955,0.854574163853998,0.004043099632421754,0.08118576959851102,0.0699525063872295,0.6069242179973297,0.051645176968306644,530.1084798177084,67.60030263481882,3,"[11, 12, 13]",0.0,0.0,0.0,0.0
unblocked,circuit,full,relational_max,0.7634525274514047,0.016072969432660414,0.8268655144023241,0.01315596798097178,0.05326985060338157,0.02470387627487538,0.5157799697327173,0.025148455917379953,101.98892211914062,5.210595161742563,3,"[11, 12, 13]",0.0,0.0,0.0,0.0
unblocked,circuit,random1:1,conditional_max,0.8326505902483827,0.007463334070711074,0.8840531024988496,0.004574874480119823,0.07081847608240767,0.06663693199199917,0.669971688711081,0.03348657824543816,532.0554402669271,67.49242778031069,3,"[11, 12, 13]",0.0,0.0,0.0,0.0
unblocked,circuit,random1:1,independent,0.7652600160180302,0.008975354425802043,0.8136963003251205,0.009543644223455303,0.08891437485345233,0.0585978102495261,0.48820730132387985,0.08017630201495268,1024.8817138671875,136.23383873690574,3,"[11, 12, 13]",0.0,0.0,0.0,0.0
unblocked,circuit,random1:1,joint,0.815675123672011,0.0018618710637807326,0.8622790351983788,0.005681976457583148,0.09426691337296346,0.0728556017295229,0.6104542805688823,0.08084661972377884,1067.1820068359375,159.46702713491698,3,"[11, 12, 13]",0.0,0.0,0.0,0.0
unblocked,circuit,random1:1,marginal_max,0.7917327332188773,0.0055170223966452235,0.8511735720781264,0.0035846189290235,0.10331599666792612,0.05770670741503202,0.6127768510767888,0.03608766373647293,530.6503194173177,67.93725594634445,3,"[11, 12, 13]",0.0,0.0,0.0,0.0
unblocked,circuit,random1:1,relational_max,0.7634360384538157,0.013372113129051849,0.8260830837039376,0.011543415416371782,0.04786272244367203,0.025305574083617763,0.5049109617860369,0.03690737564465649,101.67987060546875,5.046506253218072,3,"[11, 12, 13]",0.0,0.0,0.0,0.0
unblocked,circuit,random3:5-8-14,conditional_max,0.8089149360942173,0.002264515768398756,0.8662769603870087,0.0020054035256365423,0.08134666324873964,0.07281293504642136,0.632309575095785,0.03716576014126843,531.2586873372396,67.94434496250246,3,"[11, 12, 13]",0.0,0.0,0.0,0.0
unblocked,circuit,random3:5-8-14,independent,0.7535919078848369,0.011505939406089878,0.8041797641106218,0.01024607449515881,0.11295977496757222,0.022054685350871357,0.5015043333564165,0.0341399943315818,933.5256754557291,210.3951259295317,3,"[11, 12, 13]",0.0,0.0,0.0,0.0
unblocked,circuit,random3:5-8-14,joint,0.7953347666918152,0.007841663793380825,0.8449747109164981,0.007565677401213444,0.11832361208472086,0.0712867860562542,0.6037748250235996,0.0643753636914591,1025.2946166992188,217.77084635727476,3,"[11, 12, 13]",0.0,0.0,0.0,0.0
unblocked,circuit,random3:5-8-14,marginal_max,0.7735068994530526,0.01048921417737619,0.8374622479063824,0.0069300077892483,0.09607938661978761,0.06417065596331484,0.5772865790073676,0.05268604744780847,530.1084798177084,67.60030263481882,3,"[11, 12, 13]",0.0,0.0,0.0,0.0
unblocked,circuit,random3:5-8-14,relational_max,0.7374637798262124,0.015479213712718603,0.8054887625866599,0.014023815816515304,0.050566205529995335,0.03560411513168182,0.4718225123950475,0.00714565089298591,91.01573689778645,12.498387266004048,3,"[11, 12, 13]",0.0,0.0,0.0,0.0
unblocked,circuit,random7:3-4-8-10-11-12-14,conditional_max,0.7667251645901759,0.010072816463417329,0.833580143775054,0.007478636816462988,0.06083055626762368,0.052872554801605076,0.5547699722961627,0.02214162182647875,422.62892659505206,46.950248199166396,3,"[11, 12, 13]",0.0,0.0,0.0,0.0
unblocked,circuit,random7:3-4-8-10-11-12-14,independent,0.7213505165856159,0.00968375412493546,0.7763539150077379,0.01048820341613275,0.10887478521527878,0.06748649657122975,0.45402454832944766,0.09982400773179087,594.4969787597656,84.56729020871511,3,"[11, 12, 13]",0.0,0.0,0.0,0.0
unblocked,circuit,random7:3-4-8-10-11-12-14,joint,0.7569556168970432,0.012597160443345976,0.816681165862513,0.012544563955953374,0.12127044023629052,0.11047648698814073,0.5441850086642831,0.10246233635717245,622.5350646972656,143.11068487856755,3,"[11, 12, 13]",0.0,0.0,0.0,0.0
unblocked,circuit,random7:3-4-8-10-11-12-14,marginal_max,0.7411020362847776,0.006123431504645097,0.8111569225978319,0.006210283101547033,0.06446834023600705,0.061050308411299006,0.50262657972821,0.059417114632697735,420.8198649088542,46.8860370127735,3,"[11, 12, 13]",0.0,0.0,0.0,0.0
unblocked,circuit,random7:3-4-8-10-11-12-14,relational_max,0.6501243673494566,0.027372838835008947,0.7173321171199,0.028685075639106127,0.04363202532829716,0.03852453311574589,0.29801278320906904,0.07585841452880122,72.93334579467773,9.036151287976418,3,"[11, 12, 13]",0.0,0.0,0.0,0.0
unblocked,circuit,single_sensor_0,conditional_max,0.5614039313961076,0.006268098470559807,0.613197363324489,0.008447676033771074,0.09477101711271829,0.07390563145770797,0.1982822486882085,0.062019665589463056,81.04962158203125,14.040342123481544,3,"[11, 12, 13]",0.0,0.0,0.0,0.0
unblocked,circuit,single_sensor_0,independent,0.5614039313961076,0.006268098470559807,0.613197363324489,0.008447676033771074,0.09477101711271829,0.07390563145770797,0.1982822486882085,0.062019665589463056,81.04962158203125,14.040342123481544,3,"[11, 12, 13]",0.0,0.0,0.0,0.0
unblocked,circuit,single_sensor_0,joint,0.5614039313961076,0.006268098470559807,0.613197363324489,0.008447676033771074,0.09477101711271829,0.07390563145770797,0.1982822486882085,0.062019665589463056,81.04962158203125,14.040342123481544,3,"[11, 12, 13]",0.0,0.0,0.0,0.0
unblocked,circuit,single_sensor_0,marginal_max,0.5614039313961076,0.006268098470559807,0.613197363324489,0.008447676033771074,0.09477101711271829,0.07390563145770797,0.1982822486882085,0.062019665589463056,81.04962158203125,14.040342123481544,3,"[11, 12, 13]",0.0,0.0,0.0,0.0
unblocked,circuit,single_sensor_0,relational_max,0.5,0.0,0.5,0.0,0.0,0.0,0.0,0.0,0.0,0.0,3,"[11, 12, 13]",1.0,0.0,0.0,0.0
