variant,method_name,mask,score,loc_ap_n_mean,loc_ap_n_std,end_to_end_unique_top1_mean,end_to_end_unique_top1_std,loc_n_ambiguous_mean,loc_n_ambiguous_std,loc_n_abstained_no_alarm_mean,loc_n_abstained_no_alarm_std,loc_n_no_observed_target_mean,loc_n_no_observed_target_std,loc_n_all_observed_are_targets_mean,loc_n_all_observed_are_targets_std,n_seeds,seeds,numerically_flat_frac,threshold_infinite_frac,depends_on_values_frac,depends_on_fault_frac,loc_ap_mean,loc_ap_std,loc_unique_top1_accuracy_mean,loc_unique_top1_accuracy_std
blocked,circuit,bank0:0-1,conditional_max,0.0,0.0,0.0,0.0,0.0,0.0,0.0,0.0,200.0,0.0,0.0,0.0,3,"[11, 12, 13]",0.0,0.0,0.0,0.0,,,,
blocked,circuit,bank0:0-1,independent,0.0,0.0,0.0,0.0,0.0,0.0,0.0,0.0,200.0,0.0,0.0,0.0,3,"[11, 12, 13]",0.0,0.0,0.0,0.0,,,,
blocked,circuit,bank0:0-1,joint,0.0,0.0,0.0,0.0,0.0,0.0,0.0,0.0,200.0,0.0,0.0,0.0,3,"[11, 12, 13]",0.0,0.0,0.0,0.0,,,,
blocked,circuit,bank0:0-1,marginal_max,0.0,0.0,0.0,0.0,0.0,0.0,0.0,0.0,200.0,0.0,0.0,0.0,3,"[11, 12, 13]",0.0,0.0,0.0,0.0,,,,
blocked,circuit,bank0:0-1,relational_max,0.0,0.0,0.0,0.0,0.0,0.0,0.0,0.0,200.0,0.0,0.0,0.0,3,"[11, 12, 13]",0.3333333333333333,0.0,0.0,0.0,,,,
blocked,circuit,full,conditional_max,200.0,0.0,0.09666666666666666,0.04645786621588785,0.0,0.0,170.0,13.114877048604,0.0,0.0,0.0,0.0,3,"[11, 12, 13]",0.0,0.0,0.0,0.0,0.6144444444444445,0.025332282507445614,0.4033333333333333,0.04252450274057692
blocked,circuit,full,independent,200.0,0.0,0.005,0.005,0.0,0.0,193.33333333333334,4.618802153517007,0.0,0.0,0.0,0.0,3,"[11, 12, 13]",0.0,0.0,0.0,0.0,0.5468055555555555,0.009827799761296973,0.33166666666666667,0.016072751268321573
blocked,circuit,full,joint,200.0,0.0,0.03166666666666667,0.025658007197234416,0.0,0.0,187.33333333333334,11.239810200058244,0.0,0.0,0.0,0.0,3,"[11, 12, 13]",0.0,0.0,0.0,0.0,0.6144444444444445,0.025332282507445614,0.4033333333333333,0.04252450274057692
blocked,circuit,full,marginal_max,200.0,0.0,0.02,0.015000000000000001,0.0,0.0,188.66666666666666,9.451631252505216,0.0,0.0,0.0,0.0,3,"[11, 12, 13]",0.0,0.0,0.0,0.0,0.5468055555555555,0.009827799761296973,0.33166666666666667,0.016072751268321573
blocked,circuit,full,relational_max,200.0,0.0,0.16166666666666665,0.14002975874196646,65.66666666666667,113.73800303035625,93.33333333333333,80.8537774833887,0.0,0.0,0.0,0.0,3,"[11, 12, 13]",0.0,0.0,0.0,0.0,0.653888888888889,0.1073426928286397,0.36833333333333335,0.31907418155239914
blocked,circuit,random1:0,conditional_max,0.0,0.0,0.0,0.0,0.0,0.0,0.0,0.0,200.0,0.0,0.0,0.0,3,"[11, 12, 13]",0.0,0.0,0.0,0.0,,,,
blocked,circuit,random1:0,independent,0.0,0.0,0.0,0.0,0.0,0.0,0.0,0.0,200.0,0.0,0.0,0.0,3,"[11, 12, 13]",0.0,0.0,0.0,0.0,,,,
blocked,circuit,random1:0,joint,0.0,0.0,0.0,0.0,0.0,0.0,0.0,0.0,200.0,0.0,0.0,0.0,3,"[11, 12, 13]",0.0,0.0,0.0,0.0,,,,
blocked,circuit,random1:0,marginal_max,0.0,0.0,0.0,0.0,0.0,0.0,0.0,0.0,200.0,0.0,0.0,0.0,3,"[11, 12, 13]",0.0,0.0,0.0,0.0,,,,
blocked,circuit,random1:0,relational_max,0.0,0.0,0.0,0.0,0.0,0.0,0.0,0.0,200.0,0.0,0.0,0.0,3,"[11, 12, 13]",0.3333333333333333,0.0,0.0,0.0,,,,
blocked,circuit,random2:1-2,conditional_max,200.0,0.0,0.085,0.02179449471770337,0.0,0.0,163.66666666666666,6.350852961085883,0.0,0.0,0.0,0.0,3,"[11, 12, 13]",0.0,0.0,0.0,0.0,0.7366666666666667,0.020816659994661344,0.47333333333333333,0.04163331998932266
blocked,circuit,random2:1-2,independent,200.0,0.0,0.02,0.013228756555322952,0.0,0.0,192.0,5.5677643628300215,0.0,0.0,0.0,0.0,3,"[11, 12, 13]",0.0,0.0,0.0,0.0,0.7366666666666667,0.020816659994661344,0.47333333333333333,0.04163331998932266
blocked,circuit,random2:1-2,joint,200.0,0.0,0.049999999999999996,0.008660254037844387,0.0,0.0,182.0,5.291502622129181,0.0,0.0,0.0,0.0,3,"[11, 12, 13]",0.0,0.0,0.0,0.0,0.7366666666666667,0.020816659994661344,0.47333333333333333,0.04163331998932266
blocked,circuit,random2:1-2,marginal_max,200.0,0.0,0.036666666666666674,0.0028867513459481273,0.0,0.0,185.33333333333334,2.5166114784235836,0.0,0.0,0.0,0.0,3,"[11, 12, 13]",0.0,0.0,0.0,0.0,0.7366666666666667,0.020816659994661344,0.47333333333333333,0.04163331998932266
blocked,circuit,random2:1-2,relational_max,200.0,0.0,0.0,0.0,200.0,0.0,0.0,0.0,0.0,0.0,0.0,0.0,3,"[11, 12, 13]",0.0,0.0,0.0,0.0,0.6108333333333333,0.04752192476461083,,
blocked,circuit,random3:1-2-3,conditional_max,0.0,0.0,0.0,0.0,200.0,0.0,0.0,0.0,0.0,0.0,200.0,0.0,3,"[11, 12, 13]",0.0,0.0,0.0,0.0,,,,
blocked,circuit,random3:1-2-3,independent,0.0,0.0,0.0,0.0,200.0,0.0,0.0,0.0,0.0,0.0,200.0,0.0,3,"[11, 12, 13]",0.0,0.0,0.0,0.0,,,,
blocked,circuit,random3:1-2-3,joint,0.0,0.0,0.0,0.0,200.0,0.0,0.0,0.0,0.0,0.0,200.0,0.0,3,"[11, 12, 13]",0.0,0.0,0.0,0.0,,,,
blocked,circuit,random3:1-2-3,marginal_max,0.0,0.0,0.0,0.0,200.0,0.0,0.0,0.0,0.0,0.0,200.0,0.0,3,"[11, 12, 13]",0.0,0.0,0.0,0.0,,,,
blocked,circuit,random3:1-2-3,relational_max,0.0,0.0,0.0,0.0,200.0,0.0,0.0,0.0,0.0,0.0,200.0,0.0,3,"[11, 12, 13]",1.0,0.0,0.0,0.0,,,,
blocked,circuit,single_sensor_0,conditional_max,0.0,0.0,0.0,0.0,200.0,0.0,0.0,0.0,0.0,0.0,200.0,0.0,3,"[11, 12, 13]",0.0,0.0,0.0,0.0,,,,
blocked,circuit,single_sensor_0,independent,0.0,0.0,0.0,0.0,200.0,0.0,0.0,0.0,0.0,0.0,200.0,0.0,3,"[11, 12, 13]",0.0,0.0,0.0,0.0,,,,
blocked,circuit,single_sensor_0,joint,0.0,0.0,0.0,0.0,200.0,0.0,0.0,0.0,0.0,0.0,200.0,0.0,3,"[11, 12, 13]",0.0,0.0,0.0,0.0,,,,
blocked,circuit,single_sensor_0,marginal_max,0.0,0.0,0.0,0.0,200.0,0.0,0.0,0.0,0.0,0.0,200.0,0.0,3,"[11, 12, 13]",0.0,0.0,0.0,0.0,,,,
blocked,circuit,single_sensor_0,relational_max,0.0,0.0,0.0,0.0,200.0,0.0,0.0,0.0,0.0,0.0,200.0,0.0,3,"[11, 12, 13]",1.0,0.0,0.0,0.0,,,,
blocked,known_law_oracle,bank0:0-1,conditional_max,,,,,,,,,,,,,3,"[11, 12, 13]",,,,,,,,
blocked,known_law_oracle,bank0:0-1,independent,,,,,,,,,,,,,3,"[11, 12, 13]",,,,,,,,
blocked,known_law_oracle,bank0:0-1,joint,,,,,,,,,,,,,3,"[11, 12, 13]",,,,,,,,
blocked,known_law_oracle,bank0:0-1,marginal_max,,,,,,,,,,,,,3,"[11, 12, 13]",,,,,,,,
blocked,known_law_oracle,bank0:0-1,relational_max,,,,,,,,,,,,,3,"[11, 12, 13]",,,,,,,,
blocked,known_law_oracle,full,conditional_max,,,,,,,,,,,,,3,"[11, 12, 13]",,,,,,,,
blocked,known_law_oracle,full,independent,,,,,,,,,,,,,3,"[11, 12, 13]",,,,,,,,
blocked,known_law_oracle,full,joint,,,,,,,,,,,,,3,"[11, 12, 13]",,,,,,,,
blocked,known_law_oracle,full,marginal_max,,,,,,,,,,,,,3,"[11, 12, 13]",,,,,,,,
blocked,known_law_oracle,full,relational_max,,,,,,,,,,,,,3,"[11, 12, 13]",,,,,,,,
blocked,known_law_oracle,random1:0,conditional_max,,,,,,,,,,,,,3,"[11, 12, 13]",,,,,,,,
blocked,known_law_oracle,random1:0,independent,,,,,,,,,,,,,3,"[11, 12, 13]",,,,,,,,
blocked,known_law_oracle,random1:0,joint,,,,,,,,,,,,,3,"[11, 12, 13]",,,,,,,,
blocked,known_law_oracle,random1:0,marginal_max,,,,,,,,,,,,,3,"[11, 12, 13]",,,,,,,,
blocked,known_law_oracle,random1:0,relational_max,,,,,,,,,,,,,3,"[11, 12, 13]",,,,,,,,
blocked,known_law_oracle,random2:1-2,conditional_max,,,,,,,,,,,,,3,"[11, 12, 13]",,,,,,,,
blocked,known_law_oracle,random2:1-2,independent,,,,,,,,,,,,,3,"[11, 12, 13]",,,,,,,,
blocked,known_law_oracle,random2:1-2,joint,,,,,,,,,,,,,3,"[11, 12, 13]",,,,,,,,
blocked,known_law_oracle,random2:1-2,marginal_max,,,,,,,,,,,,,3,"[11, 12, 13]",,,,,,,,
blocked,known_law_oracle,random2:1-2,relational_max,,,,,,,,,,,,,3,"[11, 12, 13]",,,,,,,,
blocked,known_law_oracle,random3:1-2-3,conditional_max,,,,,,,,,,,,,3,"[11, 12, 13]",,,,,,,,
blocked,known_law_oracle,random3:1-2-3,independent,,,,,,,,,,,,,3,"[11, 12, 13]",,,,,,,,
blocked,known_law_oracle,random3:1-2-3,joint,,,,,,,,,,,,,3,"[11, 12, 13]",,,,,,,,
blocked,known_law_oracle,random3:1-2-3,marginal_max,,,,,,,,,,,,,3,"[11, 12, 13]",,,,,,,,
blocked,known_law_oracle,random3:1-2-3,relational_max,,,,,,,,,,,,,3,"[11, 12, 13]",,,,,,,,
blocked,known_law_oracle,single_sensor_0,conditional_max,,,,,,,,,,,,,3,"[11, 12, 13]",,,,,,,,
blocked,known_law_oracle,single_sensor_0,independent,,,,,,,,,,,,,3,"[11, 12, 13]",,,,,,,,
blocked,known_law_oracle,single_sensor_0,joint,,,,,,,,,,,,,3,"[11, 12, 13]",,,,,,,,
blocked,known_law_oracle,single_sensor_0,marginal_max,,,,,,,,,,,,,3,"[11, 12, 13]",,,,,,,,
blocked,known_law_oracle,single_sensor_0,relational_max,,,,,,,,,,,,,3,"[11, 12, 13]",,,,,,,,
conditional,circuit,bank0:0-1,conditional_max,0.0,0.0,0.0,0.0,0.0,0.0,0.0,0.0,200.0,0.0,0.0,0.0,3,"[11, 12, 13]",0.0,0.0,0.0,0.0,,,,
conditional,circuit,bank0:0-1,independent,0.0,0.0,0.0,0.0,0.0,0.0,0.0,0.0,200.0,0.0,0.0,0.0,3,"[11, 12, 13]",0.0,0.0,0.0,0.0,,,,
conditional,circuit,bank0:0-1,joint,0.0,0.0,0.0,0.0,0.0,0.0,0.0,0.0,200.0,0.0,0.0,0.0,3,"[11, 12, 13]",0.0,0.0,0.0,0.0,,,,
conditional,circuit,bank0:0-1,marginal_max,0.0,0.0,0.0,0.0,0.0,0.0,0.0,0.0,200.0,0.0,0.0,0.0,3,"[11, 12, 13]",0.0,0.0,0.0,0.0,,,,
conditional,circuit,bank0:0-1,relational_max,0.0,0.0,0.0,0.0,0.0,0.0,0.0,0.0,200.0,0.0,0.0,0.0,3,"[11, 12, 13]",0.0,0.0,0.0,0.0,,,,
conditional,circuit,full,conditional_max,200.0,0.0,0.09333333333333332,0.024664414311581236,0.0,0.0,174.66666666666666,10.263202878893768,0.0,0.0,0.0,0.0,3,"[11, 12, 13]",0.0,0.0,0.0,0.0,0.63625,0.01964529205687712,0.4366666666666667,0.022546248764114492
conditional,circuit,full,independent,200.0,0.0,0.005,0.005,0.0,0.0,194.0,5.291502622129181,0.0,0.0,0.0,0.0,3,"[11, 12, 13]",0.0,0.0,0.0,0.0,0.5466666666666665,0.0130968613712514,0.33666666666666667,0.015275252316519456
conditional,circuit,full,joint,200.0,0.0,0.03,0.01802775637731995,0.0,0.0,186.66666666666666,11.372481406154654,0.0,0.0,0.0,0.0,3,"[11, 12, 13]",0.0,0.0,0.0,0.0,0.63625,0.01964529205687712,0.4366666666666667,0.022546248764114492
conditional,circuit,full,marginal_max,200.0,0.0,0.018333333333333333,0.015275252316519468,0.0,0.0,190.33333333333334,8.32666399786453,0.0,0.0,0.0,0.0,3,"[11, 12, 13]",0.0,0.0,0.0,0.0,0.5466666666666665,0.0130968613712514,0.33666666666666667,0.015275252316519456
conditional,circuit,full,relational_max,200.0,0.0,0.26499999999999996,0.04330127018922194,0.0,0.0,134.33333333333334,12.503332889007368,0.0,0.0,0.0,0.0,3,"[11, 12, 13]",0.0,0.0,0.0,0.0,0.7040277777777778,0.0188990985479711,0.5233333333333333,0.038188130791298645
conditional,circuit,random1:0,conditional_max,0.0,0.0,0.0,0.0,0.0,0.0,0.0,0.0,200.0,0.0,0.0,0.0,3,"[11, 12, 13]",0.0,0.0,0.0,0.0,,,,
conditional,circuit,random1:0,independent,0.0,0.0,0.0,0.0,0.0,0.0,0.0,0.0,200.0,0.0,0.0,0.0,3,"[11, 12, 13]",0.0,0.0,0.0,0.0,,,,
conditional,circuit,random1:0,joint,0.0,0.0,0.0,0.0,0.0,0.0,0.0,0.0,200.0,0.0,0.0,0.0,3,"[11, 12, 13]",0.0,0.0,0.0,0.0,,,,
conditional,circuit,random1:0,marginal_max,0.0,0.0,0.0,0.0,0.0,0.0,0.0,0.0,200.0,0.0,0.0,0.0,3,"[11, 12, 13]",0.0,0.0,0.0,0.0,,,,
conditional,circuit,random1:0,relational_max,0.0,0.0,0.0,0.0,0.0,0.0,0.0,0.0,200.0,0.0,0.0,0.0,3,"[11, 12, 13]",0.0,0.0,0.0,0.0,,,,
conditional,circuit,random2:1-2,conditional_max,200.0,0.0,0.09666666666666668,0.017559422921421233,0.0,0.0,161.0,4.58257569495584,0.0,0.0,0.0,0.0,3,"[11, 12, 13]",0.0,0.0,0.0,0.0,0.7416666666666667,0.01233220715579061,0.4833333333333334,0.02466441431158123
conditional,circuit,random2:1-2,independent,200.0,0.0,0.028333333333333332,0.020816659994661327,0.0,0.0,191.33333333333334,5.859465277082315,0.0,0.0,0.0,0.0,3,"[11, 12, 13]",0.0,0.0,0.0,0.0,0.7416666666666667,0.01233220715579061,0.4833333333333334,0.02466441431158123
conditional,circuit,random2:1-2,joint,200.0,0.0,0.04666666666666667,0.01892969448600091,0.0,0.0,182.33333333333334,4.509249752822894,0.0,0.0,0.0,0.0,3,"[11, 12, 13]",0.0,0.0,0.0,0.0,0.7416666666666667,0.01233220715579061,0.4833333333333334,0.02466441431158123
conditional,circuit,random2:1-2,marginal_max,200.0,0.0,0.04,0.010000000000000002,0.0,0.0,185.0,5.5677643628300215,0.0,0.0,0.0,0.0,3,"[11, 12, 13]",0.0,0.0,0.0,0.0,0.7416666666666667,0.01233220715579061,0.4833333333333334,0.02466441431158123
conditional,circuit,random2:1-2,relational_max,200.0,0.0,0.0,0.0,200.0,0.0,0.0,0.0,0.0,0.0,0.0,0.0,3,"[11, 12, 13]",0.0,0.0,0.0,0.0,0.6,0.04548351349665063,,
conditional,circuit,random3:1-2-3,conditional_max,0.0,0.0,0.0,0.0,200.0,0.0,0.0,0.0,0.0,0.0,200.0,0.0,3,"[11, 12, 13]",0.0,0.0,0.0,0.0,,,,
conditional,circuit,random3:1-2-3,independent,0.0,0.0,0.0,0.0,200.0,0.0,0.0,0.0,0.0,0.0,200.0,0.0,3,"[11, 12, 13]",0.0,0.0,0.0,0.0,,,,
conditional,circuit,random3:1-2-3,joint,0.0,0.0,0.0,0.0,200.0,0.0,0.0,0.0,0.0,0.0,200.0,0.0,3,"[11, 12, 13]",0.0,0.0,0.0,0.0,,,,
conditional,circuit,random3:1-2-3,marginal_max,0.0,0.0,0.0,0.0,200.0,0.0,0.0,0.0,0.0,0.0,200.0,0.0,3,"[11, 12, 13]",0.0,0.0,0.0,0.0,,,,
conditional,circuit,random3:1-2-3,relational_max,0.0,0.0,0.0,0.0,200.0,0.0,0.0,0.0,0.0,0.0,200.0,0.0,3,"[11, 12, 13]",1.0,0.0,0.0,0.0,,,,
conditional,circuit,single_sensor_0,conditional_max,0.0,0.0,0.0,0.0,200.0,0.0,0.0,0.0,0.0,0.0,200.0,0.0,3,"[11, 12, 13]",0.0,0.0,0.0,0.0,,,,
conditional,circuit,single_sensor_0,independent,0.0,0.0,0.0,0.0,200.0,0.0,0.0,0.0,0.0,0.0,200.0,0.0,3,"[11, 12, 13]",0.0,0.0,0.0,0.0,,,,
conditional,circuit,single_sensor_0,joint,0.0,0.0,0.0,0.0,200.0,0.0,0.0,0.0,0.0,0.0,200.0,0.0,3,"[11, 12, 13]",0.0,0.0,0.0,0.0,,,,
conditional,circuit,single_sensor_0,marginal_max,0.0,0.0,0.0,0.0,200.0,0.0,0.0,0.0,0.0,0.0,200.0,0.0,3,"[11, 12, 13]",0.0,0.0,0.0,0.0,,,,
conditional,circuit,single_sensor_0,relational_max,0.0,0.0,0.0,0.0,200.0,0.0,0.0,0.0,0.0,0.0,200.0,0.0,3,"[11, 12, 13]",1.0,0.0,0.0,0.0,,,,
conditional,known_law_oracle,bank0:0-1,conditional_max,,,,,,,,,,,,,3,"[11, 12, 13]",,,,,,,,
conditional,known_law_oracle,bank0:0-1,independent,,,,,,,,,,,,,3,"[11, 12, 13]",,,,,,,,
conditional,known_law_oracle,bank0:0-1,joint,,,,,,,,,,,,,3,"[11, 12, 13]",,,,,,,,
conditional,known_law_oracle,bank0:0-1,marginal_max,,,,,,,,,,,,,3,"[11, 12, 13]",,,,,,,,
conditional,known_law_oracle,bank0:0-1,relational_max,,,,,,,,,,,,,3,"[11, 12, 13]",,,,,,,,
conditional,known_law_oracle,full,conditional_max,,,,,,,,,,,,,3,"[11, 12, 13]",,,,,,,,
conditional,known_law_oracle,full,independent,,,,,,,,,,,,,3,"[11, 12, 13]",,,,,,,,
conditional,known_law_oracle,full,joint,,,,,,,,,,,,,3,"[11, 12, 13]",,,,,,,,
conditional,known_law_oracle,full,marginal_max,,,,,,,,,,,,,3,"[11, 12, 13]",,,,,,,,
conditional,known_law_oracle,full,relational_max,,,,,,,,,,,,,3,"[11, 12, 13]",,,,,,,,
conditional,known_law_oracle,random1:0,conditional_max,,,,,,,,,,,,,3,"[11, 12, 13]",,,,,,,,
conditional,known_law_oracle,random1:0,independent,,,,,,,,,,,,,3,"[11, 12, 13]",,,,,,,,
conditional,known_law_oracle,random1:0,joint,,,,,,,,,,,,,3,"[11, 12, 13]",,,,,,,,
conditional,known_law_oracle,random1:0,marginal_max,,,,,,,,,,,,,3,"[11, 12, 13]",,,,,,,,
conditional,known_law_oracle,random1:0,relational_max,,,,,,,,,,,,,3,"[11, 12, 13]",,,,,,,,
conditional,known_law_oracle,random2:1-2,conditional_max,,,,,,,,,,,,,3,"[11, 12, 13]",,,,,,,,
conditional,known_law_oracle,random2:1-2,independent,,,,,,,,,,,,,3,"[11, 12, 13]",,,,,,,,
conditional,known_law_oracle,random2:1-2,joint,,,,,,,,,,,,,3,"[11, 12, 13]",,,,,,,,
conditional,known_law_oracle,random2:1-2,marginal_max,,,,,,,,,,,,,3,"[11, 12, 13]",,,,,,,,
conditional,known_law_oracle,random2:1-2,relational_max,,,,,,,,,,,,,3,"[11, 12, 13]",,,,,,,,
conditional,known_law_oracle,random3:1-2-3,conditional_max,,,,,,,,,,,,,3,"[11, 12, 13]",,,,,,,,
conditional,known_law_oracle,random3:1-2-3,independent,,,,,,,,,,,,,3,"[11, 12, 13]",,,,,,,,
conditional,known_law_oracle,random3:1-2-3,joint,,,,,,,,,,,,,3,"[11, 12, 13]",,,,,,,,
conditional,known_law_oracle,random3:1-2-3,marginal_max,,,,,,,,,,,,,3,"[11, 12, 13]",,,,,,,,
conditional,known_law_oracle,random3:1-2-3,relational_max,,,,,,,,,,,,,3,"[11, 12, 13]",,,,,,,,
conditional,known_law_oracle,single_sensor_0,conditional_max,,,,,,,,,,,,,3,"[11, 12, 13]",,,,,,,,
conditional,known_law_oracle,single_sensor_0,independent,,,,,,,,,,,,,3,"[11, 12, 13]",,,,,,,,
conditional,known_law_oracle,single_sensor_0,joint,,,,,,,,,,,,,3,"[11, 12, 13]",,,,,,,,
conditional,known_law_oracle,single_sensor_0,marginal_max,,,,,,,,,,,,,3,"[11, 12, 13]",,,,,,,,
conditional,known_law_oracle,single_sensor_0,relational_max,,,,,,,,,,,,,3,"[11, 12, 13]",,,,,,,,
conditional_nll_selection,circuit,bank0:0-1,conditional_max,0.0,0.0,0.0,0.0,0.0,0.0,0.0,0.0,200.0,0.0,0.0,0.0,3,"[11, 12, 13]",0.0,0.0,0.0,0.0,,,,
conditional_nll_selection,circuit,bank0:0-1,independent,0.0,0.0,0.0,0.0,0.0,0.0,0.0,0.0,200.0,0.0,0.0,0.0,3,"[11, 12, 13]",0.0,0.0,0.0,0.0,,,,
conditional_nll_selection,circuit,bank0:0-1,joint,0.0,0.0,0.0,0.0,0.0,0.0,0.0,0.0,200.0,0.0,0.0,0.0,3,"[11, 12, 13]",0.0,0.0,0.0,0.0,,,,
conditional_nll_selection,circuit,bank0:0-1,marginal_max,0.0,0.0,0.0,0.0,0.0,0.0,0.0,0.0,200.0,0.0,0.0,0.0,3,"[11, 12, 13]",0.0,0.0,0.0,0.0,,,,
conditional_nll_selection,circuit,bank0:0-1,relational_max,0.0,0.0,0.0,0.0,0.0,0.0,0.0,0.0,200.0,0.0,0.0,0.0,3,"[11, 12, 13]",0.0,0.0,0.0,0.0,,,,
conditional_nll_selection,circuit,full,conditional_max,200.0,0.0,0.09333333333333332,0.024664414311581236,0.0,0.0,174.66666666666666,10.263202878893768,0.0,0.0,0.0,0.0,3,"[11, 12, 13]",0.0,0.0,0.0,0.0,0.63625,0.01964529205687712,0.4366666666666667,0.022546248764114492
conditional_nll_selection,circuit,full,independent,200.0,0.0,0.005,0.005,0.0,0.0,194.0,5.291502622129181,0.0,0.0,0.0,0.0,3,"[11, 12, 13]",0.0,0.0,0.0,0.0,0.5466666666666665,0.0130968613712514,0.33666666666666667,0.015275252316519456
conditional_nll_selection,circuit,full,joint,200.0,0.0,0.03,0.01802775637731995,0.0,0.0,186.66666666666666,11.372481406154654,0.0,0.0,0.0,0.0,3,"[11, 12, 13]",0.0,0.0,0.0,0.0,0.63625,0.01964529205687712,0.4366666666666667,0.022546248764114492
conditional_nll_selection,circuit,full,marginal_max,200.0,0.0,0.018333333333333333,0.015275252316519468,0.0,0.0,190.33333333333334,8.32666399786453,0.0,0.0,0.0,0.0,3,"[11, 12, 13]",0.0,0.0,0.0,0.0,0.5466666666666665,0.0130968613712514,0.33666666666666667,0.015275252316519456
conditional_nll_selection,circuit,full,relational_max,200.0,0.0,0.26499999999999996,0.04330127018922194,0.0,0.0,134.33333333333334,12.503332889007368,0.0,0.0,0.0,0.0,3,"[11, 12, 13]",0.0,0.0,0.0,0.0,0.7040277777777778,0.0188990985479711,0.5233333333333333,0.038188130791298645
conditional_nll_selection,circuit,random1:0,conditional_max,0.0,0.0,0.0,0.0,0.0,0.0,0.0,0.0,200.0,0.0,0.0,0.0,3,"[11, 12, 13]",0.0,0.0,0.0,0.0,,,,
conditional_nll_selection,circuit,random1:0,independent,0.0,0.0,0.0,0.0,0.0,0.0,0.0,0.0,200.0,0.0,0.0,0.0,3,"[11, 12, 13]",0.0,0.0,0.0,0.0,,,,
conditional_nll_selection,circuit,random1:0,joint,0.0,0.0,0.0,0.0,0.0,0.0,0.0,0.0,200.0,0.0,0.0,0.0,3,"[11, 12, 13]",0.0,0.0,0.0,0.0,,,,
conditional_nll_selection,circuit,random1:0,marginal_max,0.0,0.0,0.0,0.0,0.0,0.0,0.0,0.0,200.0,0.0,0.0,0.0,3,"[11, 12, 13]",0.0,0.0,0.0,0.0,,,,
conditional_nll_selection,circuit,random1:0,relational_max,0.0,0.0,0.0,0.0,0.0,0.0,0.0,0.0,200.0,0.0,0.0,0.0,3,"[11, 12, 13]",0.0,0.0,0.0,0.0,,,,
conditional_nll_selection,circuit,random2:1-2,conditional_max,200.0,0.0,0.09666666666666668,0.017559422921421233,0.0,0.0,161.0,4.58257569495584,0.0,0.0,0.0,0.0,3,"[11, 12, 13]",0.0,0.0,0.0,0.0,0.7416666666666667,0.01233220715579061,0.4833333333333334,0.02466441431158123
conditional_nll_selection,circuit,random2:1-2,independent,200.0,0.0,0.028333333333333332,0.020816659994661327,0.0,0.0,191.33333333333334,5.859465277082315,0.0,0.0,0.0,0.0,3,"[11, 12, 13]",0.0,0.0,0.0,0.0,0.7416666666666667,0.01233220715579061,0.4833333333333334,0.02466441431158123
conditional_nll_selection,circuit,random2:1-2,joint,200.0,0.0,0.04666666666666667,0.01892969448600091,0.0,0.0,182.33333333333334,4.509249752822894,0.0,0.0,0.0,0.0,3,"[11, 12, 13]",0.0,0.0,0.0,0.0,0.7416666666666667,0.01233220715579061,0.4833333333333334,0.02466441431158123
conditional_nll_selection,circuit,random2:1-2,marginal_max,200.0,0.0,0.04,0.010000000000000002,0.0,0.0,185.0,5.5677643628300215,0.0,0.0,0.0,0.0,3,"[11, 12, 13]",0.0,0.0,0.0,0.0,0.7416666666666667,0.01233220715579061,0.4833333333333334,0.02466441431158123
conditional_nll_selection,circuit,random2:1-2,relational_max,200.0,0.0,0.0,0.0,200.0,0.0,0.0,0.0,0.0,0.0,0.0,0.0,3,"[11, 12, 13]",0.0,0.0,0.0,0.0,0.6,0.04548351349665063,,
conditional_nll_selection,circuit,random3:1-2-3,conditional_max,0.0,0.0,0.0,0.0,200.0,0.0,0.0,0.0,0.0,0.0,200.0,0.0,3,"[11, 12, 13]",0.0,0.0,0.0,0.0,,,,
conditional_nll_selection,circuit,random3:1-2-3,independent,0.0,0.0,0.0,0.0,200.0,0.0,0.0,0.0,0.0,0.0,200.0,0.0,3,"[11, 12, 13]",0.0,0.0,0.0,0.0,,,,
conditional_nll_selection,circuit,random3:1-2-3,joint,0.0,0.0,0.0,0.0,200.0,0.0,0.0,0.0,0.0,0.0,200.0,0.0,3,"[11, 12, 13]",0.0,0.0,0.0,0.0,,,,
conditional_nll_selection,circuit,random3:1-2-3,marginal_max,0.0,0.0,0.0,0.0,200.0,0.0,0.0,0.0,0.0,0.0,200.0,0.0,3,"[11, 12, 13]",0.0,0.0,0.0,0.0,,,,
conditional_nll_selection,circuit,random3:1-2-3,relational_max,0.0,0.0,0.0,0.0,200.0,0.0,0.0,0.0,0.0,0.0,200.0,0.0,3,"[11, 12, 13]",1.0,0.0,0.0,0.0,,,,
conditional_nll_selection,circuit,single_sensor_0,conditional_max,0.0,0.0,0.0,0.0,200.0,0.0,0.0,0.0,0.0,0.0,200.0,0.0,3,"[11, 12, 13]",0.0,0.0,0.0,0.0,,,,
conditional_nll_selection,circuit,single_sensor_0,independent,0.0,0.0,0.0,0.0,200.0,0.0,0.0,0.0,0.0,0.0,200.0,0.0,3,"[11, 12, 13]",0.0,0.0,0.0,0.0,,,,
conditional_nll_selection,circuit,single_sensor_0,joint,0.0,0.0,0.0,0.0,200.0,0.0,0.0,0.0,0.0,0.0,200.0,0.0,3,"[11, 12, 13]",0.0,0.0,0.0,0.0,,,,
conditional_nll_selection,circuit,single_sensor_0,marginal_max,0.0,0.0,0.0,0.0,200.0,0.0,0.0,0.0,0.0,0.0,200.0,0.0,3,"[11, 12, 13]",0.0,0.0,0.0,0.0,,,,
conditional_nll_selection,circuit,single_sensor_0,relational_max,0.0,0.0,0.0,0.0,200.0,0.0,0.0,0.0,0.0,0.0,200.0,0.0,3,"[11, 12, 13]",1.0,0.0,0.0,0.0,,,,
conditional_nll_selection,known_law_oracle,bank0:0-1,conditional_max,,,,,,,,,,,,,3,"[11, 12, 13]",,,,,,,,
conditional_nll_selection,known_law_oracle,bank0:0-1,independent,,,,,,,,,,,,,3,"[11, 12, 13]",,,,,,,,
conditional_nll_selection,known_law_oracle,bank0:0-1,joint,,,,,,,,,,,,,3,"[11, 12, 13]",,,,,,,,
conditional_nll_selection,known_law_oracle,bank0:0-1,marginal_max,,,,,,,,,,,,,3,"[11, 12, 13]",,,,,,,,
conditional_nll_selection,known_law_oracle,bank0:0-1,relational_max,,,,,,,,,,,,,3,"[11, 12, 13]",,,,,,,,
conditional_nll_selection,known_law_oracle,full,conditional_max,,,,,,,,,,,,,3,"[11, 12, 13]",,,,,,,,
conditional_nll_selection,known_law_oracle,full,independent,,,,,,,,,,,,,3,"[11, 12, 13]",,,,,,,,
conditional_nll_selection,known_law_oracle,full,joint,,,,,,,,,,,,,3,"[11, 12, 13]",,,,,,,,
conditional_nll_selection,known_law_oracle,full,marginal_max,,,,,,,,,,,,,3,"[11, 12, 13]",,,,,,,,
conditional_nll_selection,known_law_oracle,full,relational_max,,,,,,,,,,,,,3,"[11, 12, 13]",,,,,,,,
conditional_nll_selection,known_law_oracle,random1:0,conditional_max,,,,,,,,,,,,,3,"[11, 12, 13]",,,,,,,,
conditional_nll_selection,known_law_oracle,random1:0,independent,,,,,,,,,,,,,3,"[11, 12, 13]",,,,,,,,
conditional_nll_selection,known_law_oracle,random1:0,joint,,,,,,,,,,,,,3,"[11, 12, 13]",,,,,,,,
conditional_nll_selection,known_law_oracle,random1:0,marginal_max,,,,,,,,,,,,,3,"[11, 12, 13]",,,,,,,,
conditional_nll_selection,known_law_oracle,random1:0,relational_max,,,,,,,,,,,,,3,"[11, 12, 13]",,,,,,,,
conditional_nll_selection,known_law_oracle,random2:1-2,conditional_max,,,,,,,,,,,,,3,"[11, 12, 13]",,,,,,,,
conditional_nll_selection,known_law_oracle,random2:1-2,independent,,,,,,,,,,,,,3,"[11, 12, 13]",,,,,,,,
conditional_nll_selection,known_law_oracle,random2:1-2,joint,,,,,,,,,,,,,3,"[11, 12, 13]",,,,,,,,
conditional_nll_selection,known_law_oracle,random2:1-2,marginal_max,,,,,,,,,,,,,3,"[11, 12, 13]",,,,,,,,
conditional_nll_selection,known_law_oracle,random2:1-2,relational_max,,,,,,,,,,,,,3,"[11, 12, 13]",,,,,,,,
conditional_nll_selection,known_law_oracle,random3:1-2-3,conditional_max,,,,,,,,,,,,,3,"[11, 12, 13]",,,,,,,,
conditional_nll_selection,known_law_oracle,random3:1-2-3,independent,,,,,,,,,,,,,3,"[11, 12, 13]",,,,,,,,
conditional_nll_selection,known_law_oracle,random3:1-2-3,joint,,,,,,,,,,,,,3,"[11, 12, 13]",,,,,,,,
conditional_nll_selection,known_law_oracle,random3:1-2-3,marginal_max,,,,,,,,,,,,,3,"[11, 12, 13]",,,,,,,,
conditional_nll_selection,known_law_oracle,random3:1-2-3,relational_max,,,,,,,,,,,,,3,"[11, 12, 13]",,,,,,,,
conditional_nll_selection,known_law_oracle,single_sensor_0,conditional_max,,,,,,,,,,,,,3,"[11, 12, 13]",,,,,,,,
conditional_nll_selection,known_law_oracle,single_sensor_0,independent,,,,,,,,,,,,,3,"[11, 12, 13]",,,,,,,,
conditional_nll_selection,known_law_oracle,single_sensor_0,joint,,,,,,,,,,,,,3,"[11, 12, 13]",,,,,,,,
conditional_nll_selection,known_law_oracle,single_sensor_0,marginal_max,,,,,,,,,,,,,3,"[11, 12, 13]",,,,,,,,
conditional_nll_selection,known_law_oracle,single_sensor_0,relational_max,,,,,,,,,,,,,3,"[11, 12, 13]",,,,,,,,
interface,circuit,bank0:0-1,conditional_max,0.0,0.0,0.0,0.0,0.0,0.0,0.0,0.0,200.0,0.0,0.0,0.0,3,"[11, 12, 13]",0.0,0.0,0.0,0.0,,,,
interface,circuit,bank0:0-1,independent,0.0,0.0,0.0,0.0,0.0,0.0,0.0,0.0,200.0,0.0,0.0,0.0,3,"[11, 12, 13]",0.0,0.0,0.0,0.0,,,,
interface,circuit,bank0:0-1,joint,0.0,0.0,0.0,0.0,0.0,0.0,0.0,0.0,200.0,0.0,0.0,0.0,3,"[11, 12, 13]",0.0,0.0,0.0,0.0,,,,
interface,circuit,bank0:0-1,marginal_max,0.0,0.0,0.0,0.0,0.0,0.0,0.0,0.0,200.0,0.0,0.0,0.0,3,"[11, 12, 13]",0.0,0.0,0.0,0.0,,,,
interface,circuit,bank0:0-1,relational_max,0.0,0.0,0.0,0.0,0.0,0.0,0.0,0.0,200.0,0.0,0.0,0.0,3,"[11, 12, 13]",0.0,0.0,0.0,0.0,,,,
interface,circuit,full,conditional_max,200.0,0.0,0.12833333333333333,0.05575242894559244,0.0,0.0,164.66666666666666,19.75685535031659,0.0,0.0,0.0,0.0,3,"[11, 12, 13]",0.0,0.0,0.0,0.0,0.6419444444444444,0.009477067838462154,0.4483333333333333,0.010408329997330672
interface,circuit,full,independent,200.0,0.0,0.0033333333333333335,0.005773502691896258,0.0,0.0,192.66666666666666,6.8068592855540455,0.0,0.0,0.0,0.0,3,"[11, 12, 13]",0.0,0.0,0.0,0.0,0.5441666666666666,0.012583057392117928,0.33,0.01802775637731994
interface,circuit,full,joint,200.0,0.0,0.043333333333333335,0.04645786621588784,0.0,0.0,185.33333333333334,13.868429375143148,0.0,0.0,0.0,0.0,3,"[11, 12, 13]",0.0,0.0,0.0,0.0,0.6419444444444444,0.009477067838462154,0.4483333333333333,0.010408329997330672
interface,circuit,full,marginal_max,200.0,0.0,0.023333333333333334,0.01607275126832159,0.0,0.0,186.66666666666666,9.865765724632494,0.0,0.0,0.0,0.0,3,"[11, 12, 13]",0.0,0.0,0.0,0.0,0.5441666666666666,0.012583057392117928,0.33,0.01802775637731994
interface,circuit,full,relational_max,200.0,0.0,0.24833333333333332,0.03752776749732569,0.0,0.0,136.0,7.937253933193772,0.0,0.0,0.0,0.0,3,"[11, 12, 13]",0.0,0.0,0.0,0.0,0.7136111111111111,0.011794929858645652,0.5433333333333333,0.016072751268321604
interface,circuit,random1:0,conditional_max,0.0,0.0,0.0,0.0,0.0,0.0,0.0,0.0,200.0,0.0,0.0,0.0,3,"[11, 12, 13]",0.0,0.0,0.0,0.0,,,,
interface,circuit,random1:0,independent,0.0,0.0,0.0,0.0,0.0,0.0,0.0,0.0,200.0,0.0,0.0,0.0,3,"[11, 12, 13]",0.0,0.0,0.0,0.0,,,,
interface,circuit,random1:0,joint,0.0,0.0,0.0,0.0,0.0,0.0,0.0,0.0,200.0,0.0,0.0,0.0,3,"[11, 12, 13]",0.0,0.0,0.0,0.0,,,,
interface,circuit,random1:0,marginal_max,0.0,0.0,0.0,0.0,0.0,0.0,0.0,0.0,200.0,0.0,0.0,0.0,3,"[11, 12, 13]",0.0,0.0,0.0,0.0,,,,
interface,circuit,random1:0,relational_max,0.0,0.0,0.0,0.0,0.0,0.0,0.0,0.0,200.0,0.0,0.0,0.0,3,"[11, 12, 13]",0.0,0.0,0.0,0.0,,,,
interface,circuit,random2:1-2,conditional_max,200.0,0.0,0.09166666666666667,0.007637626158259734,0.0,0.0,162.33333333333334,8.386497083606082,0.0,0.0,0.0,0.0,3,"[11, 12, 13]",0.0,0.0,0.0,0.0,0.7341666666666667,0.005773502691896262,0.46833333333333327,0.011547005383792493
interface,circuit,random2:1-2,independent,200.0,0.0,0.02,0.01,0.0,0.0,191.66666666666666,5.033222956847166,0.0,0.0,0.0,0.0,3,"[11, 12, 13]",0.0,0.0,0.0,0.0,0.7341666666666667,0.005773502691896262,0.46833333333333327,0.011547005383792493
interface,circuit,random2:1-2,joint,200.0,0.0,0.041666666666666664,0.015275252316519466,0.0,0.0,184.66666666666666,6.6583281184793925,0.0,0.0,0.0,0.0,3,"[11, 12, 13]",0.0,0.0,0.0,0.0,0.7341666666666667,0.005773502691896262,0.46833333333333327,0.011547005383792493
interface,circuit,random2:1-2,marginal_max,200.0,0.0,0.035,0.005000000000000001,0.0,0.0,185.33333333333334,3.2145502536643185,0.0,0.0,0.0,0.0,3,"[11, 12, 13]",0.0,0.0,0.0,0.0,0.7341666666666667,0.005773502691896262,0.46833333333333327,0.011547005383792493
interface,circuit,random2:1-2,relational_max,200.0,0.0,0.0,0.0,200.0,0.0,0.0,0.0,0.0,0.0,0.0,0.0,3,"[11, 12, 13]",0.0,0.0,0.0,0.0,0.5966666666666667,0.023760962382305413,,
interface,circuit,random3:1-2-3,conditional_max,0.0,0.0,0.0,0.0,200.0,0.0,0.0,0.0,0.0,0.0,200.0,0.0,3,"[11, 12, 13]",0.0,0.0,0.0,0.0,,,,
interface,circuit,random3:1-2-3,independent,0.0,0.0,0.0,0.0,200.0,0.0,0.0,0.0,0.0,0.0,200.0,0.0,3,"[11, 12, 13]",0.0,0.0,0.0,0.0,,,,
interface,circuit,random3:1-2-3,joint,0.0,0.0,0.0,0.0,200.0,0.0,0.0,0.0,0.0,0.0,200.0,0.0,3,"[11, 12, 13]",0.0,0.0,0.0,0.0,,,,
interface,circuit,random3:1-2-3,marginal_max,0.0,0.0,0.0,0.0,200.0,0.0,0.0,0.0,0.0,0.0,200.0,0.0,3,"[11, 12, 13]",0.0,0.0,0.0,0.0,,,,
interface,circuit,random3:1-2-3,relational_max,0.0,0.0,0.0,0.0,200.0,0.0,0.0,0.0,0.0,0.0,200.0,0.0,3,"[11, 12, 13]",1.0,0.0,0.0,0.0,,,,
interface,circuit,single_sensor_0,conditional_max,0.0,0.0,0.0,0.0,200.0,0.0,0.0,0.0,0.0,0.0,200.0,0.0,3,"[11, 12, 13]",0.0,0.0,0.0,0.0,,,,
interface,circuit,single_sensor_0,independent,0.0,0.0,0.0,0.0,200.0,0.0,0.0,0.0,0.0,0.0,200.0,0.0,3,"[11, 12, 13]",0.0,0.0,0.0,0.0,,,,
interface,circuit,single_sensor_0,joint,0.0,0.0,0.0,0.0,200.0,0.0,0.0,0.0,0.0,0.0,200.0,0.0,3,"[11, 12, 13]",0.0,0.0,0.0,0.0,,,,
interface,circuit,single_sensor_0,marginal_max,0.0,0.0,0.0,0.0,200.0,0.0,0.0,0.0,0.0,0.0,200.0,0.0,3,"[11, 12, 13]",0.0,0.0,0.0,0.0,,,,
interface,circuit,single_sensor_0,relational_max,0.0,0.0,0.0,0.0,200.0,0.0,0.0,0.0,0.0,0.0,200.0,0.0,3,"[11, 12, 13]",1.0,0.0,0.0,0.0,,,,
interface,known_law_oracle,bank0:0-1,conditional_max,,,,,,,,,,,,,3,"[11, 12, 13]",,,,,,,,
interface,known_law_oracle,bank0:0-1,independent,,,,,,,,,,,,,3,"[11, 12, 13]",,,,,,,,
interface,known_law_oracle,bank0:0-1,joint,,,,,,,,,,,,,3,"[11, 12, 13]",,,,,,,,
interface,known_law_oracle,bank0:0-1,marginal_max,,,,,,,,,,,,,3,"[11, 12, 13]",,,,,,,,
interface,known_law_oracle,bank0:0-1,relational_max,,,,,,,,,,,,,3,"[11, 12, 13]",,,,,,,,
interface,known_law_oracle,full,conditional_max,,,,,,,,,,,,,3,"[11, 12, 13]",,,,,,,,
interface,known_law_oracle,full,independent,,,,,,,,,,,,,3,"[11, 12, 13]",,,,,,,,
interface,known_law_oracle,full,joint,,,,,,,,,,,,,3,"[11, 12, 13]",,,,,,,,
interface,known_law_oracle,full,marginal_max,,,,,,,,,,,,,3,"[11, 12, 13]",,,,,,,,
interface,known_law_oracle,full,relational_max,,,,,,,,,,,,,3,"[11, 12, 13]",,,,,,,,
interface,known_law_oracle,random1:0,conditional_max,,,,,,,,,,,,,3,"[11, 12, 13]",,,,,,,,
interface,known_law_oracle,random1:0,independent,,,,,,,,,,,,,3,"[11, 12, 13]",,,,,,,,
interface,known_law_oracle,random1:0,joint,,,,,,,,,,,,,3,"[11, 12, 13]",,,,,,,,
interface,known_law_oracle,random1:0,marginal_max,,,,,,,,,,,,,3,"[11, 12, 13]",,,,,,,,
interface,known_law_oracle,random1:0,relational_max,,,,,,,,,,,,,3,"[11, 12, 13]",,,,,,,,
interface,known_law_oracle,random2:1-2,conditional_max,,,,,,,,,,,,,3,"[11, 12, 13]",,,,,,,,
interface,known_law_oracle,random2:1-2,independent,,,,,,,,,,,,,3,"[11, 12, 13]",,,,,,,,
interface,known_law_oracle,random2:1-2,joint,,,,,,,,,,,,,3,"[11, 12, 13]",,,,,,,,
interface,known_law_oracle,random2:1-2,marginal_max,,,,,,,,,,,,,3,"[11, 12, 13]",,,,,,,,
interface,known_law_oracle,random2:1-2,relational_max,,,,,,,,,,,,,3,"[11, 12, 13]",,,,,,,,
interface,known_law_oracle,random3:1-2-3,conditional_max,,,,,,,,,,,,,3,"[11, 12, 13]",,,,,,,,
interface,known_law_oracle,random3:1-2-3,independent,,,,,,,,,,,,,3,"[11, 12, 13]",,,,,,,,
interface,known_law_oracle,random3:1-2-3,joint,,,,,,,,,,,,,3,"[11, 12, 13]",,,,,,,,
interface,known_law_oracle,random3:1-2-3,marginal_max,,,,,,,,,,,,,3,"[11, 12, 13]",,,,,,,,
interface,known_law_oracle,random3:1-2-3,relational_max,,,,,,,,,,,,,3,"[11, 12, 13]",,,,,,,,
interface,known_law_oracle,single_sensor_0,conditional_max,,,,,,,,,,,,,3,"[11, 12, 13]",,,,,,,,
interface,known_law_oracle,single_sensor_0,independent,,,,,,,,,,,,,3,"[11, 12, 13]",,,,,,,,
interface,known_law_oracle,single_sensor_0,joint,,,,,,,,,,,,,3,"[11, 12, 13]",,,,,,,,
interface,known_law_oracle,single_sensor_0,marginal_max,,,,,,,,,,,,,3,"[11, 12, 13]",,,,,,,,
interface,known_law_oracle,single_sensor_0,relational_max,,,,,,,,,,,,,3,"[11, 12, 13]",,,,,,,,
interface_conditional,circuit,bank0:0-1,conditional_max,0.0,0.0,0.0,0.0,0.0,0.0,0.0,0.0,200.0,0.0,0.0,0.0,3,"[11, 12, 13]",0.0,0.0,0.0,0.0,,,,
interface_conditional,circuit,bank0:0-1,independent,0.0,0.0,0.0,0.0,0.0,0.0,0.0,0.0,200.0,0.0,0.0,0.0,3,"[11, 12, 13]",0.0,0.0,0.0,0.0,,,,
interface_conditional,circuit,bank0:0-1,joint,0.0,0.0,0.0,0.0,0.0,0.0,0.0,0.0,200.0,0.0,0.0,0.0,3,"[11, 12, 13]",0.0,0.0,0.0,0.0,,,,
interface_conditional,circuit,bank0:0-1,marginal_max,0.0,0.0,0.0,0.0,0.0,0.0,0.0,0.0,200.0,0.0,0.0,0.0,3,"[11, 12, 13]",0.0,0.0,0.0,0.0,,,,
interface_conditional,circuit,bank0:0-1,relational_max,0.0,0.0,0.0,0.0,0.0,0.0,0.0,0.0,200.0,0.0,0.0,0.0,3,"[11, 12, 13]",0.0,0.0,0.0,0.0,,,,
interface_conditional,circuit,full,conditional_max,200.0,0.0,0.13,0.05291502622129181,0.0,0.0,163.66666666666666,18.147543451754935,0.0,0.0,0.0,0.0,3,"[11, 12, 13]",0.0,0.0,0.0,0.0,0.657638888888889,0.013477948382175725,0.47500000000000003,0.025980762113533153
interface_conditional,circuit,full,independent,200.0,0.0,0.005,0.005,0.0,0.0,193.33333333333334,2.886751345948129,0.0,0.0,0.0,0.0,3,"[11, 12, 13]",0.0,0.0,0.0,0.0,0.5522222222222223,0.00918873605945734,0.345,0.014999999999999986
interface_conditional,circuit,full,joint,200.0,0.0,0.045000000000000005,0.0360555127546399,0.0,0.0,184.0,13.74772708486752,0.0,0.0,0.0,0.0,3,"[11, 12, 13]",0.0,0.0,0.0,0.0,0.657638888888889,0.013477948382175725,0.47500000000000003,0.025980762113533153
interface_conditional,circuit,full,marginal_max,200.0,0.0,0.021666666666666667,0.014433756729740642,0.0,0.0,187.66666666666666,9.073771725877465,0.0,0.0,0.0,0.0,3,"[11, 12, 13]",0.0,0.0,0.0,0.0,0.5522222222222223,0.00918873605945734,0.345,0.014999999999999986
interface_conditional,circuit,full,relational_max,200.0,0.0,0.26666666666666666,0.027537852736430505,0.0,0.0,130.66666666666666,2.886751345948129,0.0,0.0,0.0,0.0,3,"[11, 12, 13]",0.0,0.0,0.0,0.0,0.72625,0.004228704818788419,0.5566666666666668,0.005773502691896262
interface_conditional,circuit,random1:0,conditional_max,0.0,0.0,0.0,0.0,0.0,0.0,0.0,0.0,200.0,0.0,0.0,0.0,3,"[11, 12, 13]",0.0,0.0,0.0,0.0,,,,
interface_conditional,circuit,random1:0,independent,0.0,0.0,0.0,0.0,0.0,0.0,0.0,0.0,200.0,0.0,0.0,0.0,3,"[11, 12, 13]",0.0,0.0,0.0,0.0,,,,
interface_conditional,circuit,random1:0,joint,0.0,0.0,0.0,0.0,0.0,0.0,0.0,0.0,200.0,0.0,0.0,0.0,3,"[11, 12, 13]",0.0,0.0,0.0,0.0,,,,
interface_conditional,circuit,random1:0,marginal_max,0.0,0.0,0.0,0.0,0.0,0.0,0.0,0.0,200.0,0.0,0.0,0.0,3,"[11, 12, 13]",0.0,0.0,0.0,0.0,,,,
interface_conditional,circuit,random1:0,relational_max,0.0,0.0,0.0,0.0,0.0,0.0,0.0,0.0,200.0,0.0,0.0,0.0,3,"[11, 12, 13]",0.0,0.0,0.0,0.0,,,,
interface_conditional,circuit,random2:1-2,conditional_max,200.0,0.0,0.11499999999999999,0.008660254037844387,0.0,0.0,153.33333333333334,7.637626158259733,0.0,0.0,0.0,0.0,3,"[11, 12, 13]",0.0,0.0,0.0,0.0,0.7408333333333333,0.00763762615825974,0.48166666666666663,0.01527525231651945
interface_conditional,circuit,random2:1-2,independent,200.0,0.0,0.011666666666666667,0.007637626158259734,0.0,0.0,194.0,3.605551275463989,0.0,0.0,0.0,0.0,3,"[11, 12, 13]",0.0,0.0,0.0,0.0,0.7408333333333333,0.00763762615825974,0.48166666666666663,0.01527525231651945
interface_conditional,circuit,random2:1-2,joint,200.0,0.0,0.043333333333333335,0.007637626158259732,0.0,0.0,184.33333333333334,4.932882862316247,0.0,0.0,0.0,0.0,3,"[11, 12, 13]",0.0,0.0,0.0,0.0,0.7408333333333333,0.00763762615825974,0.48166666666666663,0.01527525231651945
interface_conditional,circuit,random2:1-2,marginal_max,200.0,0.0,0.035,0.005000000000000001,0.0,0.0,184.33333333333334,3.5118845842842465,0.0,0.0,0.0,0.0,3,"[11, 12, 13]",0.0,0.0,0.0,0.0,0.7408333333333333,0.00763762615825974,0.48166666666666663,0.01527525231651945
interface_conditional,circuit,random2:1-2,relational_max,200.0,0.0,0.0,0.0,200.0,0.0,0.0,0.0,0.0,0.0,0.0,0.0,3,"[11, 12, 13]",0.0,0.0,0.0,0.0,0.6266666666666666,0.01892969448600093,,
interface_conditional,circuit,random3:1-2-3,conditional_max,0.0,0.0,0.0,0.0,200.0,0.0,0.0,0.0,0.0,0.0,200.0,0.0,3,"[11, 12, 13]",0.0,0.0,0.0,0.0,,,,
interface_conditional,circuit,random3:1-2-3,independent,0.0,0.0,0.0,0.0,200.0,0.0,0.0,0.0,0.0,0.0,200.0,0.0,3,"[11, 12, 13]",0.0,0.0,0.0,0.0,,,,
interface_conditional,circuit,random3:1-2-3,joint,0.0,0.0,0.0,0.0,200.0,0.0,0.0,0.0,0.0,0.0,200.0,0.0,3,"[11, 12, 13]",0.0,0.0,0.0,0.0,,,,
interface_conditional,circuit,random3:1-2-3,marginal_max,0.0,0.0,0.0,0.0,200.0,0.0,0.0,0.0,0.0,0.0,200.0,0.0,3,"[11, 12, 13]",0.0,0.0,0.0,0.0,,,,
interface_conditional,circuit,random3:1-2-3,relational_max,0.0,0.0,0.0,0.0,200.0,0.0,0.0,0.0,0.0,0.0,200.0,0.0,3,"[11, 12, 13]",1.0,0.0,0.0,0.0,,,,
interface_conditional,circuit,single_sensor_0,conditional_max,0.0,0.0,0.0,0.0,200.0,0.0,0.0,0.0,0.0,0.0,200.0,0.0,3,"[11, 12, 13]",0.0,0.0,0.0,0.0,,,,
interface_conditional,circuit,single_sensor_0,independent,0.0,0.0,0.0,0.0,200.0,0.0,0.0,0.0,0.0,0.0,200.0,0.0,3,"[11, 12, 13]",0.0,0.0,0.0,0.0,,,,
interface_conditional,circuit,single_sensor_0,joint,0.0,0.0,0.0,0.0,200.0,0.0,0.0,0.0,0.0,0.0,200.0,0.0,3,"[11, 12, 13]",0.0,0.0,0.0,0.0,,,,
interface_conditional,circuit,single_sensor_0,marginal_max,0.0,0.0,0.0,0.0,200.0,0.0,0.0,0.0,0.0,0.0,200.0,0.0,3,"[11, 12, 13]",0.0,0.0,0.0,0.0,,,,
interface_conditional,circuit,single_sensor_0,relational_max,0.0,0.0,0.0,0.0,200.0,0.0,0.0,0.0,0.0,0.0,200.0,0.0,3,"[11, 12, 13]",1.0,0.0,0.0,0.0,,,,
interface_conditional,known_law_oracle,bank0:0-1,conditional_max,,,,,,,,,,,,,3,"[11, 12, 13]",,,,,,,,
interface_conditional,known_law_oracle,bank0:0-1,independent,,,,,,,,,,,,,3,"[11, 12, 13]",,,,,,,,
interface_conditional,known_law_oracle,bank0:0-1,joint,,,,,,,,,,,,,3,"[11, 12, 13]",,,,,,,,
interface_conditional,known_law_oracle,bank0:0-1,marginal_max,,,,,,,,,,,,,3,"[11, 12, 13]",,,,,,,,
interface_conditional,known_law_oracle,bank0:0-1,relational_max,,,,,,,,,,,,,3,"[11, 12, 13]",,,,,,,,
interface_conditional,known_law_oracle,full,conditional_max,,,,,,,,,,,,,3,"[11, 12, 13]",,,,,,,,
interface_conditional,known_law_oracle,full,independent,,,,,,,,,,,,,3,"[11, 12, 13]",,,,,,,,
interface_conditional,known_law_oracle,full,joint,,,,,,,,,,,,,3,"[11, 12, 13]",,,,,,,,
interface_conditional,known_law_oracle,full,marginal_max,,,,,,,,,,,,,3,"[11, 12, 13]",,,,,,,,
interface_conditional,known_law_oracle,full,relational_max,,,,,,,,,,,,,3,"[11, 12, 13]",,,,,,,,
interface_conditional,known_law_oracle,random1:0,conditional_max,,,,,,,,,,,,,3,"[11, 12, 13]",,,,,,,,
interface_conditional,known_law_oracle,random1:0,independent,,,,,,,,,,,,,3,"[11, 12, 13]",,,,,,,,
interface_conditional,known_law_oracle,random1:0,joint,,,,,,,,,,,,,3,"[11, 12, 13]",,,,,,,,
interface_conditional,known_law_oracle,random1:0,marginal_max,,,,,,,,,,,,,3,"[11, 12, 13]",,,,,,,,
interface_conditional,known_law_oracle,random1:0,relational_max,,,,,,,,,,,,,3,"[11, 12, 13]",,,,,,,,
interface_conditional,known_law_oracle,random2:1-2,conditional_max,,,,,,,,,,,,,3,"[11, 12, 13]",,,,,,,,
interface_conditional,known_law_oracle,random2:1-2,independent,,,,,,,,,,,,,3,"[11, 12, 13]",,,,,,,,
interface_conditional,known_law_oracle,random2:1-2,joint,,,,,,,,,,,,,3,"[11, 12, 13]",,,,,,,,
interface_conditional,known_law_oracle,random2:1-2,marginal_max,,,,,,,,,,,,,3,"[11, 12, 13]",,,,,,,,
interface_conditional,known_law_oracle,random2:1-2,relational_max,,,,,,,,,,,,,3,"[11, 12, 13]",,,,,,,,
interface_conditional,known_law_oracle,random3:1-2-3,conditional_max,,,,,,,,,,,,,3,"[11, 12, 13]",,,,,,,,
interface_conditional,known_law_oracle,random3:1-2-3,independent,,,,,,,,,,,,,3,"[11, 12, 13]",,,,,,,,
interface_conditional,known_law_oracle,random3:1-2-3,joint,,,,,,,,,,,,,3,"[11, 12, 13]",,,,,,,,
interface_conditional,known_law_oracle,random3:1-2-3,marginal_max,,,,,,,,,,,,,3,"[11, 12, 13]",,,,,,,,
interface_conditional,known_law_oracle,random3:1-2-3,relational_max,,,,,,,,,,,,,3,"[11, 12, 13]",,,,,,,,
interface_conditional,known_law_oracle,single_sensor_0,conditional_max,,,,,,,,,,,,,3,"[11, 12, 13]",,,,,,,,
interface_conditional,known_law_oracle,single_sensor_0,independent,,,,,,,,,,,,,3,"[11, 12, 13]",,,,,,,,
interface_conditional,known_law_oracle,single_sensor_0,joint,,,,,,,,,,,,,3,"[11, 12, 13]",,,,,,,,
interface_conditional,known_law_oracle,single_sensor_0,marginal_max,,,,,,,,,,,,,3,"[11, 12, 13]",,,,,,,,
interface_conditional,known_law_oracle,single_sensor_0,relational_max,,,,,,,,,,,,,3,"[11, 12, 13]",,,,,,,,
mixture,circuit,bank0:0-1,conditional_max,0.0,0.0,0.0,0.0,0.0,0.0,0.0,0.0,200.0,0.0,0.0,0.0,3,"[11, 12, 13]",0.0,0.0,0.0,0.0,,,,
mixture,circuit,bank0:0-1,independent,0.0,0.0,0.0,0.0,0.0,0.0,0.0,0.0,200.0,0.0,0.0,0.0,3,"[11, 12, 13]",0.0,0.0,0.0,0.0,,,,
mixture,circuit,bank0:0-1,joint,0.0,0.0,0.0,0.0,0.0,0.0,0.0,0.0,200.0,0.0,0.0,0.0,3,"[11, 12, 13]",0.0,0.0,0.0,0.0,,,,
mixture,circuit,bank0:0-1,marginal_max,0.0,0.0,0.0,0.0,0.0,0.0,0.0,0.0,200.0,0.0,0.0,0.0,3,"[11, 12, 13]",0.0,0.0,0.0,0.0,,,,
mixture,circuit,bank0:0-1,relational_max,0.0,0.0,0.0,0.0,0.0,0.0,0.0,0.0,200.0,0.0,0.0,0.0,3,"[11, 12, 13]",0.0,0.0,0.0,0.0,,,,
mixture,circuit,full,conditional_max,200.0,0.0,0.19666666666666666,0.08779711460710617,0.0,0.0,150.0,25.632011235952593,0.0,0.0,0.0,0.0,3,"[11, 12, 13]",0.0,0.0,0.0,0.0,0.7398611111111112,0.02355671839372961,0.5883333333333334,0.032532035493238534
mixture,circuit,full,independent,200.0,0.0,0.0033333333333333335,0.002886751345948129,0.0,0.0,194.33333333333334,2.886751345948129,0.0,0.0,0.0,0.0,3,"[11, 12, 13]",0.0,0.0,0.0,0.0,0.5444444444444444,0.012777022924563222,0.3283333333333333,0.018929694486000896
mixture,circuit,full,joint,200.0,0.0,0.065,0.05567764362830022,0.0,0.0,179.33333333333334,20.108041509140897,0.0,0.0,0.0,0.0,3,"[11, 12, 13]",0.0,0.0,0.0,0.0,0.7398611111111112,0.02355671839372961,0.5883333333333334,0.032532035493238534
mixture,circuit,full,marginal_max,200.0,0.0,0.021666666666666667,0.014433756729740642,0.0,0.0,186.66666666666666,7.371114795831994,0.0,0.0,0.0,0.0,3,"[11, 12, 13]",0.0,0.0,0.0,0.0,0.5444444444444444,0.012777022924563222,0.3283333333333333,0.018929694486000896
mixture,circuit,full,relational_max,200.0,0.0,0.34,0.037749172176353755,0.3333333333333333,0.5773502691896258,120.66666666666667,8.082903768654761,0.0,0.0,0.0,0.0,3,"[11, 12, 13]",0.0,0.0,0.0,0.0,0.8112499999999999,0.024177440127340015,0.686180904522613,0.031623375497112347
mixture,circuit,random1:0,conditional_max,0.0,0.0,0.0,0.0,0.0,0.0,0.0,0.0,200.0,0.0,0.0,0.0,3,"[11, 12, 13]",0.0,0.0,0.0,0.0,,,,
mixture,circuit,random1:0,independent,0.0,0.0,0.0,0.0,0.0,0.0,0.0,0.0,200.0,0.0,0.0,0.0,3,"[11, 12, 13]",0.0,0.0,0.0,0.0,,,,
mixture,circuit,random1:0,joint,0.0,0.0,0.0,0.0,0.0,0.0,0.0,0.0,200.0,0.0,0.0,0.0,3,"[11, 12, 13]",0.0,0.0,0.0,0.0,,,,
mixture,circuit,random1:0,marginal_max,0.0,0.0,0.0,0.0,0.0,0.0,0.0,0.0,200.0,0.0,0.0,0.0,3,"[11, 12, 13]",0.0,0.0,0.0,0.0,,,,
mixture,circuit,random1:0,relational_max,0.0,0.0,0.0,0.0,0.0,0.0,0.0,0.0,200.0,0.0,0.0,0.0,3,"[11, 12, 13]",0.0,0.0,0.0,0.0,,,,
mixture,circuit,random2:1-2,conditional_max,200.0,0.0,0.15666666666666665,0.022546248764114464,0.0,0.0,134.66666666666666,6.8068592855540455,0.0,0.0,0.0,0.0,3,"[11, 12, 13]",0.0,0.0,0.0,0.0,0.7425,0.004330127018922165,0.48500000000000004,0.008660254037844395
mixture,circuit,random2:1-2,independent,200.0,0.0,0.018333333333333333,0.010408329997330663,0.0,0.0,193.0,4.0,0.0,0.0,0.0,0.0,3,"[11, 12, 13]",0.0,0.0,0.0,0.0,0.7425,0.004330127018922165,0.48500000000000004,0.008660254037844395
mixture,circuit,random2:1-2,joint,200.0,0.0,0.06833333333333334,0.025166114784235832,0.0,0.0,172.33333333333334,12.013880860626733,0.0,0.0,0.0,0.0,3,"[11, 12, 13]",0.0,0.0,0.0,0.0,0.7425,0.004330127018922165,0.48500000000000004,0.008660254037844395
mixture,circuit,random2:1-2,marginal_max,200.0,0.0,0.041666666666666664,0.0057735026918962545,0.0,0.0,182.0,5.0,0.0,0.0,0.0,0.0,3,"[11, 12, 13]",0.0,0.0,0.0,0.0,0.7425,0.004330127018922165,0.48500000000000004,0.008660254037844395
mixture,circuit,random2:1-2,relational_max,200.0,0.0,0.0,0.0,200.0,0.0,0.0,0.0,0.0,0.0,0.0,0.0,3,"[11, 12, 13]",0.0,0.0,0.0,0.0,0.5341666666666667,0.0014433756729740977,,
mixture,circuit,random3:1-2-3,conditional_max,0.0,0.0,0.0,0.0,200.0,0.0,0.0,0.0,0.0,0.0,200.0,0.0,3,"[11, 12, 13]",0.0,0.0,0.0,0.0,,,,
mixture,circuit,random3:1-2-3,independent,0.0,0.0,0.0,0.0,200.0,0.0,0.0,0.0,0.0,0.0,200.0,0.0,3,"[11, 12, 13]",0.0,0.0,0.0,0.0,,,,
mixture,circuit,random3:1-2-3,joint,0.0,0.0,0.0,0.0,200.0,0.0,0.0,0.0,0.0,0.0,200.0,0.0,3,"[11, 12, 13]",0.0,0.0,0.0,0.0,,,,
mixture,circuit,random3:1-2-3,marginal_max,0.0,0.0,0.0,0.0,200.0,0.0,0.0,0.0,0.0,0.0,200.0,0.0,3,"[11, 12, 13]",0.0,0.0,0.0,0.0,,,,
mixture,circuit,random3:1-2-3,relational_max,0.0,0.0,0.0,0.0,200.0,0.0,0.0,0.0,0.0,0.0,200.0,0.0,3,"[11, 12, 13]",1.0,0.0,0.0,0.0,,,,
mixture,circuit,single_sensor_0,conditional_max,0.0,0.0,0.0,0.0,200.0,0.0,0.0,0.0,0.0,0.0,200.0,0.0,3,"[11, 12, 13]",0.0,0.0,0.0,0.0,,,,
mixture,circuit,single_sensor_0,independent,0.0,0.0,0.0,0.0,200.0,0.0,0.0,0.0,0.0,0.0,200.0,0.0,3,"[11, 12, 13]",0.0,0.0,0.0,0.0,,,,
mixture,circuit,single_sensor_0,joint,0.0,0.0,0.0,0.0,200.0,0.0,0.0,0.0,0.0,0.0,200.0,0.0,3,"[11, 12, 13]",0.0,0.0,0.0,0.0,,,,
mixture,circuit,single_sensor_0,marginal_max,0.0,0.0,0.0,0.0,200.0,0.0,0.0,0.0,0.0,0.0,200.0,0.0,3,"[11, 12, 13]",0.0,0.0,0.0,0.0,,,,
mixture,circuit,single_sensor_0,relational_max,0.0,0.0,0.0,0.0,200.0,0.0,0.0,0.0,0.0,0.0,200.0,0.0,3,"[11, 12, 13]",1.0,0.0,0.0,0.0,,,,
mixture,known_law_oracle,bank0:0-1,conditional_max,,,,,,,,,,,,,3,"[11, 12, 13]",,,,,,,,
mixture,known_law_oracle,bank0:0-1,independent,,,,,,,,,,,,,3,"[11, 12, 13]",,,,,,,,
mixture,known_law_oracle,bank0:0-1,joint,,,,,,,,,,,,,3,"[11, 12, 13]",,,,,,,,
mixture,known_law_oracle,bank0:0-1,marginal_max,,,,,,,,,,,,,3,"[11, 12, 13]",,,,,,,,
mixture,known_law_oracle,bank0:0-1,relational_max,,,,,,,,,,,,,3,"[11, 12, 13]",,,,,,,,
mixture,known_law_oracle,full,conditional_max,,,,,,,,,,,,,3,"[11, 12, 13]",,,,,,,,
mixture,known_law_oracle,full,independent,,,,,,,,,,,,,3,"[11, 12, 13]",,,,,,,,
mixture,known_law_oracle,full,joint,,,,,,,,,,,,,3,"[11, 12, 13]",,,,,,,,
mixture,known_law_oracle,full,marginal_max,,,,,,,,,,,,,3,"[11, 12, 13]",,,,,,,,
mixture,known_law_oracle,full,relational_max,,,,,,,,,,,,,3,"[11, 12, 13]",,,,,,,,
mixture,known_law_oracle,random1:0,conditional_max,,,,,,,,,,,,,3,"[11, 12, 13]",,,,,,,,
mixture,known_law_oracle,random1:0,independent,,,,,,,,,,,,,3,"[11, 12, 13]",,,,,,,,
mixture,known_law_oracle,random1:0,joint,,,,,,,,,,,,,3,"[11, 12, 13]",,,,,,,,
mixture,known_law_oracle,random1:0,marginal_max,,,,,,,,,,,,,3,"[11, 12, 13]",,,,,,,,
mixture,known_law_oracle,random1:0,relational_max,,,,,,,,,,,,,3,"[11, 12, 13]",,,,,,,,
mixture,known_law_oracle,random2:1-2,conditional_max,,,,,,,,,,,,,3,"[11, 12, 13]",,,,,,,,
mixture,known_law_oracle,random2:1-2,independent,,,,,,,,,,,,,3,"[11, 12, 13]",,,,,,,,
mixture,known_law_oracle,random2:1-2,joint,,,,,,,,,,,,,3,"[11, 12, 13]",,,,,,,,
mixture,known_law_oracle,random2:1-2,marginal_max,,,,,,,,,,,,,3,"[11, 12, 13]",,,,,,,,
mixture,known_law_oracle,random2:1-2,relational_max,,,,,,,,,,,,,3,"[11, 12, 13]",,,,,,,,
mixture,known_law_oracle,random3:1-2-3,conditional_max,,,,,,,,,,,,,3,"[11, 12, 13]",,,,,,,,
mixture,known_law_oracle,random3:1-2-3,independent,,,,,,,,,,,,,3,"[11, 12, 13]",,,,,,,,
mixture,known_law_oracle,random3:1-2-3,joint,,,,,,,,,,,,,3,"[11, 12, 13]",,,,,,,,
mixture,known_law_oracle,random3:1-2-3,marginal_max,,,,,,,,,,,,,3,"[11, 12, 13]",,,,,,,,
mixture,known_law_oracle,random3:1-2-3,relational_max,,,,,,,,,,,,,3,"[11, 12, 13]",,,,,,,,
mixture,known_law_oracle,single_sensor_0,conditional_max,,,,,,,,,,,,,3,"[11, 12, 13]",,,,,,,,
mixture,known_law_oracle,single_sensor_0,independent,,,,,,,,,,,,,3,"[11, 12, 13]",,,,,,,,
mixture,known_law_oracle,single_sensor_0,joint,,,,,,,,,,,,,3,"[11, 12, 13]",,,,,,,,
mixture,known_law_oracle,single_sensor_0,marginal_max,,,,,,,,,,,,,3,"[11, 12, 13]",,,,,,,,
mixture,known_law_oracle,single_sensor_0,relational_max,,,,,,,,,,,,,3,"[11, 12, 13]",,,,,,,,
random,circuit,bank0:0-1,conditional_max,0.0,0.0,0.0,0.0,0.0,0.0,0.0,0.0,200.0,0.0,0.0,0.0,3,"[11, 12, 13]",0.0,0.0,0.0,0.0,,,,
random,circuit,bank0:0-1,independent,0.0,0.0,0.0,0.0,0.0,0.0,0.0,0.0,200.0,0.0,0.0,0.0,3,"[11, 12, 13]",0.0,0.0,0.0,0.0,,,,
random,circuit,bank0:0-1,joint,0.0,0.0,0.0,0.0,0.0,0.0,0.0,0.0,200.0,0.0,0.0,0.0,3,"[11, 12, 13]",0.0,0.0,0.0,0.0,,,,
random,circuit,bank0:0-1,marginal_max,0.0,0.0,0.0,0.0,0.0,0.0,0.0,0.0,200.0,0.0,0.0,0.0,3,"[11, 12, 13]",0.0,0.0,0.0,0.0,,,,
random,circuit,bank0:0-1,relational_max,0.0,0.0,0.0,0.0,0.0,0.0,0.0,0.0,200.0,0.0,0.0,0.0,3,"[11, 12, 13]",0.0,0.0,0.0,0.0,,,,
random,circuit,full,conditional_max,200.0,0.0,0.19499999999999998,0.020000000000000004,0.0,0.0,147.33333333333334,4.932882862316247,0.0,0.0,0.0,0.0,3,"[11, 12, 13]",0.0,0.0,0.0,0.0,0.7002777777777777,0.016921660456131117,0.525,0.018027756377319962
random,circuit,full,independent,200.0,0.0,0.0016666666666666668,0.002886751345948129,0.0,0.0,193.33333333333334,3.7859388972001824,0.0,0.0,0.0,0.0,3,"[11, 12, 13]",0.0,0.0,0.0,0.0,0.5416666666666666,0.017800007802744853,0.32,0.018027756377319962
random,circuit,full,joint,200.0,0.0,0.07166666666666667,0.02362907813126304,0.0,0.0,175.33333333333334,9.504384952922168,0.0,0.0,0.0,0.0,3,"[11, 12, 13]",0.0,0.0,0.0,0.0,0.7002777777777777,0.016921660456131117,0.525,0.018027756377319962
random,circuit,full,marginal_max,200.0,0.0,0.021666666666666667,0.002886751345948129,0.0,0.0,186.33333333333334,3.7859388972001824,0.0,0.0,0.0,0.0,3,"[11, 12, 13]",0.0,0.0,0.0,0.0,0.5416666666666666,0.017800007802744853,0.32,0.018027756377319962
random,circuit,full,relational_max,200.0,0.0,0.3466666666666667,0.07112196097783956,0.0,0.0,115.33333333333333,21.361959960016154,0.0,0.0,0.0,0.0,3,"[11, 12, 13]",0.0,0.0,0.0,0.0,0.7570833333333332,0.011280821975567486,0.6016666666666667,0.00763762615825974
random,circuit,random1:0,conditional_max,0.0,0.0,0.0,0.0,0.0,0.0,0.0,0.0,200.0,0.0,0.0,0.0,3,"[11, 12, 13]",0.0,0.0,0.0,0.0,,,,
random,circuit,random1:0,independent,0.0,0.0,0.0,0.0,0.0,0.0,0.0,0.0,200.0,0.0,0.0,0.0,3,"[11, 12, 13]",0.0,0.0,0.0,0.0,,,,
random,circuit,random1:0,joint,0.0,0.0,0.0,0.0,0.0,0.0,0.0,0.0,200.0,0.0,0.0,0.0,3,"[11, 12, 13]",0.0,0.0,0.0,0.0,,,,
random,circuit,random1:0,marginal_max,0.0,0.0,0.0,0.0,0.0,0.0,0.0,0.0,200.0,0.0,0.0,0.0,3,"[11, 12, 13]",0.0,0.0,0.0,0.0,,,,
random,circuit,random1:0,relational_max,0.0,0.0,0.0,0.0,0.0,0.0,0.0,0.0,200.0,0.0,0.0,0.0,3,"[11, 12, 13]",0.0,0.0,0.0,0.0,,,,
random,circuit,random2:1-2,conditional_max,200.0,0.0,0.11833333333333333,0.015275252316519472,0.0,0.0,151.0,13.892443989449804,0.0,0.0,0.0,0.0,3,"[11, 12, 13]",0.0,0.0,0.0,0.0,0.7399999999999999,0.026100766272276366,0.48,0.052201532544552766
random,circuit,random2:1-2,independent,200.0,0.0,0.021666666666666667,0.002886751345948129,0.0,0.0,192.0,2.6457513110645907,0.0,0.0,0.0,0.0,3,"[11, 12, 13]",0.0,0.0,0.0,0.0,0.7399999999999999,0.026100766272276366,0.48,0.052201532544552766
random,circuit,random2:1-2,joint,200.0,0.0,0.065,0.0229128784747792,0.0,0.0,175.66666666666666,13.051181300301261,0.0,0.0,0.0,0.0,3,"[11, 12, 13]",0.0,0.0,0.0,0.0,0.7399999999999999,0.026100766272276366,0.48,0.052201532544552766
random,circuit,random2:1-2,marginal_max,200.0,0.0,0.03,0.008660254037844387,0.0,0.0,186.33333333333334,3.0550504633038935,0.0,0.0,0.0,0.0,3,"[11, 12, 13]",0.0,0.0,0.0,0.0,0.7399999999999999,0.026100766272276366,0.48,0.052201532544552766
random,circuit,random2:1-2,relational_max,200.0,0.0,0.0,0.0,200.0,0.0,0.0,0.0,0.0,0.0,0.0,0.0,3,"[11, 12, 13]",0.0,0.0,0.0,0.0,0.5608333333333334,0.010103629710818428,,
random,circuit,random3:1-2-3,conditional_max,0.0,0.0,0.0,0.0,200.0,0.0,0.0,0.0,0.0,0.0,200.0,0.0,3,"[11, 12, 13]",0.0,0.0,0.0,0.0,,,,
random,circuit,random3:1-2-3,independent,0.0,0.0,0.0,0.0,200.0,0.0,0.0,0.0,0.0,0.0,200.0,0.0,3,"[11, 12, 13]",0.0,0.0,0.0,0.0,,,,
random,circuit,random3:1-2-3,joint,0.0,0.0,0.0,0.0,200.0,0.0,0.0,0.0,0.0,0.0,200.0,0.0,3,"[11, 12, 13]",0.0,0.0,0.0,0.0,,,,
random,circuit,random3:1-2-3,marginal_max,0.0,0.0,0.0,0.0,200.0,0.0,0.0,0.0,0.0,0.0,200.0,0.0,3,"[11, 12, 13]",0.0,0.0,0.0,0.0,,,,
random,circuit,random3:1-2-3,relational_max,0.0,0.0,0.0,0.0,200.0,0.0,0.0,0.0,0.0,0.0,200.0,0.0,3,"[11, 12, 13]",1.0,0.0,0.0,0.0,,,,
random,circuit,single_sensor_0,conditional_max,0.0,0.0,0.0,0.0,200.0,0.0,0.0,0.0,0.0,0.0,200.0,0.0,3,"[11, 12, 13]",0.0,0.0,0.0,0.0,,,,
random,circuit,single_sensor_0,independent,0.0,0.0,0.0,0.0,200.0,0.0,0.0,0.0,0.0,0.0,200.0,0.0,3,"[11, 12, 13]",0.0,0.0,0.0,0.0,,,,
random,circuit,single_sensor_0,joint,0.0,0.0,0.0,0.0,200.0,0.0,0.0,0.0,0.0,0.0,200.0,0.0,3,"[11, 12, 13]",0.0,0.0,0.0,0.0,,,,
random,circuit,single_sensor_0,marginal_max,0.0,0.0,0.0,0.0,200.0,0.0,0.0,0.0,0.0,0.0,200.0,0.0,3,"[11, 12, 13]",0.0,0.0,0.0,0.0,,,,
random,circuit,single_sensor_0,relational_max,0.0,0.0,0.0,0.0,200.0,0.0,0.0,0.0,0.0,0.0,200.0,0.0,3,"[11, 12, 13]",1.0,0.0,0.0,0.0,,,,
random,known_law_oracle,bank0:0-1,conditional_max,,,,,,,,,,,,,3,"[11, 12, 13]",,,,,,,,
random,known_law_oracle,bank0:0-1,independent,,,,,,,,,,,,,3,"[11, 12, 13]",,,,,,,,
random,known_law_oracle,bank0:0-1,joint,,,,,,,,,,,,,3,"[11, 12, 13]",,,,,,,,
random,known_law_oracle,bank0:0-1,marginal_max,,,,,,,,,,,,,3,"[11, 12, 13]",,,,,,,,
random,known_law_oracle,bank0:0-1,relational_max,,,,,,,,,,,,,3,"[11, 12, 13]",,,,,,,,
random,known_law_oracle,full,conditional_max,,,,,,,,,,,,,3,"[11, 12, 13]",,,,,,,,
random,known_law_oracle,full,independent,,,,,,,,,,,,,3,"[11, 12, 13]",,,,,,,,
random,known_law_oracle,full,joint,,,,,,,,,,,,,3,"[11, 12, 13]",,,,,,,,
random,known_law_oracle,full,marginal_max,,,,,,,,,,,,,3,"[11, 12, 13]",,,,,,,,
random,known_law_oracle,full,relational_max,,,,,,,,,,,,,3,"[11, 12, 13]",,,,,,,,
random,known_law_oracle,random1:0,conditional_max,,,,,,,,,,,,,3,"[11, 12, 13]",,,,,,,,
random,known_law_oracle,random1:0,independent,,,,,,,,,,,,,3,"[11, 12, 13]",,,,,,,,
random,known_law_oracle,random1:0,joint,,,,,,,,,,,,,3,"[11, 12, 13]",,,,,,,,
random,known_law_oracle,random1:0,marginal_max,,,,,,,,,,,,,3,"[11, 12, 13]",,,,,,,,
random,known_law_oracle,random1:0,relational_max,,,,,,,,,,,,,3,"[11, 12, 13]",,,,,,,,
random,known_law_oracle,random2:1-2,conditional_max,,,,,,,,,,,,,3,"[11, 12, 13]",,,,,,,,
random,known_law_oracle,random2:1-2,independent,,,,,,,,,,,,,3,"[11, 12, 13]",,,,,,,,
random,known_law_oracle,random2:1-2,joint,,,,,,,,,,,,,3,"[11, 12, 13]",,,,,,,,
random,known_law_oracle,random2:1-2,marginal_max,,,,,,,,,,,,,3,"[11, 12, 13]",,,,,,,,
random,known_law_oracle,random2:1-2,relational_max,,,,,,,,,,,,,3,"[11, 12, 13]",,,,,,,,
random,known_law_oracle,random3:1-2-3,conditional_max,,,,,,,,,,,,,3,"[11, 12, 13]",,,,,,,,
random,known_law_oracle,random3:1-2-3,independent,,,,,,,,,,,,,3,"[11, 12, 13]",,,,,,,,
random,known_law_oracle,random3:1-2-3,joint,,,,,,,,,,,,,3,"[11, 12, 13]",,,,,,,,
random,known_law_oracle,random3:1-2-3,marginal_max,,,,,,,,,,,,,3,"[11, 12, 13]",,,,,,,,
random,known_law_oracle,random3:1-2-3,relational_max,,,,,,,,,,,,,3,"[11, 12, 13]",,,,,,,,
random,known_law_oracle,single_sensor_0,conditional_max,,,,,,,,,,,,,3,"[11, 12, 13]",,,,,,,,
random,known_law_oracle,single_sensor_0,independent,,,,,,,,,,,,,3,"[11, 12, 13]",,,,,,,,
random,known_law_oracle,single_sensor_0,joint,,,,,,,,,,,,,3,"[11, 12, 13]",,,,,,,,
random,known_law_oracle,single_sensor_0,marginal_max,,,,,,,,,,,,,3,"[11, 12, 13]",,,,,,,,
random,known_law_oracle,single_sensor_0,relational_max,,,,,,,,,,,,,3,"[11, 12, 13]",,,,,,,,
unblocked,circuit,bank0:0-1,conditional_max,0.0,0.0,0.0,0.0,0.0,0.0,0.0,0.0,200.0,0.0,0.0,0.0,3,"[11, 12, 13]",0.0,0.0,0.0,0.0,,,,
unblocked,circuit,bank0:0-1,independent,0.0,0.0,0.0,0.0,0.0,0.0,0.0,0.0,200.0,0.0,0.0,0.0,3,"[11, 12, 13]",0.0,0.0,0.0,0.0,,,,
unblocked,circuit,bank0:0-1,joint,0.0,0.0,0.0,0.0,0.0,0.0,0.0,0.0,200.0,0.0,0.0,0.0,3,"[11, 12, 13]",0.0,0.0,0.0,0.0,,,,
unblocked,circuit,bank0:0-1,marginal_max,0.0,0.0,0.0,0.0,0.0,0.0,0.0,0.0,200.0,0.0,0.0,0.0,3,"[11, 12, 13]",0.0,0.0,0.0,0.0,,,,
unblocked,circuit,bank0:0-1,relational_max,0.0,0.0,0.0,0.0,0.0,0.0,0.0,0.0,200.0,0.0,0.0,0.0,3,"[11, 12, 13]",0.0,0.0,0.0,0.0,,,,
unblocked,circuit,full,conditional_max,200.0,0.0,0.445,0.025980762113533184,0.0,0.0,102.33333333333333,2.5166114784235836,0.0,0.0,0.0,0.0,3,"[11, 12, 13]",0.0,0.0,0.0,0.0,0.8480555555555555,0.017251878587991997,0.7433333333333333,0.03175426480542944
unblocked,circuit,full,independent,200.0,0.0,0.008333333333333333,0.005773502691896257,0.3333333333333333,0.5773502691896258,190.66666666666666,3.5118845842842465,0.0,0.0,0.0,0.0,3,"[11, 12, 13]",0.0,0.0,0.0,0.0,0.5516666666666666,0.01918024881080645,0.3405611390284757,0.027704287494911325
unblocked,circuit,full,joint,200.0,0.0,0.31833333333333336,0.10598742063723098,0.0,0.0,127.0,24.24871130596428,0.0,0.0,0.0,0.0,3,"[11, 12, 13]",0.0,0.0,0.0,0.0,0.8480555555555555,0.017251878587991997,0.7433333333333333,0.03175426480542944
unblocked,circuit,full,marginal_max,200.0,0.0,0.030000000000000002,0.008660254037844388,0.3333333333333333,0.5773502691896258,183.33333333333334,7.505553499465135,0.0,0.0,0.0,0.0,3,"[11, 12, 13]",0.0,0.0,0.0,0.0,0.5516666666666666,0.01918024881080645,0.3405611390284757,0.027704287494911325
unblocked,circuit,full,relational_max,200.0,0.0,0.49666666666666665,0.06714412359494565,0.0,0.0,91.66666666666667,13.576941236277534,0.0,0.0,0.0,0.0,3,"[11, 12, 13]",0.0,0.0,0.0,0.0,0.8765277777777779,0.018935807741282555,0.7833333333333333,0.027537852736430536
unblocked,circuit,random1:0,conditional_max,0.0,0.0,0.0,0.0,0.0,0.0,0.0,0.0,200.0,0.0,0.0,0.0,3,"[11, 12, 13]",0.0,0.0,0.0,0.0,,,,
unblocked,circuit,random1:0,independent,0.0,0.0,0.0,0.0,0.0,0.0,0.0,0.0,200.0,0.0,0.0,0.0,3,"[11, 12, 13]",0.0,0.0,0.0,0.0,,,,
unblocked,circuit,random1:0,joint,0.0,0.0,0.0,0.0,0.0,0.0,0.0,0.0,200.0,0.0,0.0,0.0,3,"[11, 12, 13]",0.0,0.0,0.0,0.0,,,,
unblocked,circuit,random1:0,marginal_max,0.0,0.0,0.0,0.0,0.0,0.0,0.0,0.0,200.0,0.0,0.0,0.0,3,"[11, 12, 13]",0.0,0.0,0.0,0.0,,,,
unblocked,circuit,random1:0,relational_max,0.0,0.0,0.0,0.0,0.0,0.0,0.0,0.0,200.0,0.0,0.0,0.0,3,"[11, 12, 13]",0.0,0.0,0.0,0.0,,,,
unblocked,circuit,random2:1-2,conditional_max,200.0,0.0,0.23666666666666666,0.011547005383792509,0.3333333333333333,0.5773502691896258,99.33333333333333,6.6583281184793925,0.0,0.0,0.0,0.0,3,"[11, 12, 13]",0.0,0.0,0.0,0.0,0.7408333333333333,0.012583057392117876,0.4808375209380234,0.02402822465864444
unblocked,circuit,random2:1-2,independent,200.0,0.0,0.021666666666666667,0.012583057392117916,0.3333333333333333,0.5773502691896258,191.33333333333334,4.725815626252608,0.0,0.0,0.0,0.0,3,"[11, 12, 13]",0.0,0.0,0.0,0.0,0.7408333333333333,0.012583057392117876,0.4808375209380234,0.02402822465864444
unblocked,circuit,random2:1-2,joint,200.0,0.0,0.16333333333333333,0.00763762615825974,0.3333333333333333,0.5773502691896258,131.66666666666666,7.571877794400365,0.0,0.0,0.0,0.0,3,"[11, 12, 13]",0.0,0.0,0.0,0.0,0.7408333333333333,0.012583057392117876,0.4808375209380234,0.02402822465864444
unblocked,circuit,random2:1-2,marginal_max,200.0,0.0,0.041666666666666664,0.0028867513459481273,0.3333333333333333,0.5773502691896258,184.66666666666666,2.5166114784235836,0.0,0.0,0.0,0.0,3,"[11, 12, 13]",0.0,0.0,0.0,0.0,0.7408333333333333,0.012583057392117876,0.4808375209380234,0.02402822465864444
unblocked,circuit,random2:1-2,relational_max,200.0,0.0,0.0,0.0,200.0,0.0,0.0,0.0,0.0,0.0,0.0,0.0,3,"[11, 12, 13]",0.0,0.0,0.0,0.0,0.5633333333333334,0.011273124382057216,,
unblocked,circuit,random3:1-2-3,conditional_max,0.0,0.0,0.0,0.0,200.0,0.0,0.0,0.0,0.0,0.0,200.0,0.0,3,"[11, 12, 13]",0.0,0.0,0.0,0.0,,,,
unblocked,circuit,random3:1-2-3,independent,0.0,0.0,0.0,0.0,200.0,0.0,0.0,0.0,0.0,0.0,200.0,0.0,3,"[11, 12, 13]",0.0,0.0,0.0,0.0,,,,
unblocked,circuit,random3:1-2-3,joint,0.0,0.0,0.0,0.0,200.0,0.0,0.0,0.0,0.0,0.0,200.0,0.0,3,"[11, 12, 13]",0.0,0.0,0.0,0.0,,,,
unblocked,circuit,random3:1-2-3,marginal_max,0.0,0.0,0.0,0.0,200.0,0.0,0.0,0.0,0.0,0.0,200.0,0.0,3,"[11, 12, 13]",0.0,0.0,0.0,0.0,,,,
unblocked,circuit,random3:1-2-3,relational_max,0.0,0.0,0.0,0.0,200.0,0.0,0.0,0.0,0.0,0.0,200.0,0.0,3,"[11, 12, 13]",1.0,0.0,0.0,0.0,,,,
unblocked,circuit,single_sensor_0,conditional_max,0.0,0.0,0.0,0.0,200.0,0.0,0.0,0.0,0.0,0.0,200.0,0.0,3,"[11, 12, 13]",0.0,0.0,0.0,0.0,,,,
unblocked,circuit,single_sensor_0,independent,0.0,0.0,0.0,0.0,200.0,0.0,0.0,0.0,0.0,0.0,200.0,0.0,3,"[11, 12, 13]",0.0,0.0,0.0,0.0,,,,
unblocked,circuit,single_sensor_0,joint,0.0,0.0,0.0,0.0,200.0,0.0,0.0,0.0,0.0,0.0,200.0,0.0,3,"[11, 12, 13]",0.0,0.0,0.0,0.0,,,,
unblocked,circuit,single_sensor_0,marginal_max,0.0,0.0,0.0,0.0,200.0,0.0,0.0,0.0,0.0,0.0,200.0,0.0,3,"[11, 12, 13]",0.0,0.0,0.0,0.0,,,,
unblocked,circuit,single_sensor_0,relational_max,0.0,0.0,0.0,0.0,200.0,0.0,0.0,0.0,0.0,0.0,200.0,0.0,3,"[11, 12, 13]",1.0,0.0,0.0,0.0,,,,
unblocked,known_law_oracle,bank0:0-1,conditional_max,,,,,,,,,,,,,3,"[11, 12, 13]",,,,,,,,
unblocked,known_law_oracle,bank0:0-1,independent,,,,,,,,,,,,,3,"[11, 12, 13]",,,,,,,,
unblocked,known_law_oracle,bank0:0-1,joint,,,,,,,,,,,,,3,"[11, 12, 13]",,,,,,,,
unblocked,known_law_oracle,bank0:0-1,marginal_max,,,,,,,,,,,,,3,"[11, 12, 13]",,,,,,,,
unblocked,known_law_oracle,bank0:0-1,relational_max,,,,,,,,,,,,,3,"[11, 12, 13]",,,,,,,,
unblocked,known_law_oracle,full,conditional_max,,,,,,,,,,,,,3,"[11, 12, 13]",,,,,,,,
unblocked,known_law_oracle,full,independent,,,,,,,,,,,,,3,"[11, 12, 13]",,,,,,,,
unblocked,known_law_oracle,full,joint,,,,,,,,,,,,,3,"[11, 12, 13]",,,,,,,,
unblocked,known_law_oracle,full,marginal_max,,,,,,,,,,,,,3,"[11, 12, 13]",,,,,,,,
unblocked,known_law_oracle,full,relational_max,,,,,,,,,,,,,3,"[11, 12, 13]",,,,,,,,
unblocked,known_law_oracle,random1:0,conditional_max,,,,,,,,,,,,,3,"[11, 12, 13]",,,,,,,,
unblocked,known_law_oracle,random1:0,independent,,,,,,,,,,,,,3,"[11, 12, 13]",,,,,,,,
unblocked,known_law_oracle,random1:0,joint,,,,,,,,,,,,,3,"[11, 12, 13]",,,,,,,,
unblocked,known_law_oracle,random1:0,marginal_max,,,,,,,,,,,,,3,"[11, 12, 13]",,,,,,,,
unblocked,known_law_oracle,random1:0,relational_max,,,,,,,,,,,,,3,"[11, 12, 13]",,,,,,,,
unblocked,known_law_oracle,random2:1-2,conditional_max,,,,,,,,,,,,,3,"[11, 12, 13]",,,,,,,,
unblocked,known_law_oracle,random2:1-2,independent,,,,,,,,,,,,,3,"[11, 12, 13]",,,,,,,,
unblocked,known_law_oracle,random2:1-2,joint,,,,,,,,,,,,,3,"[11, 12, 13]",,,,,,,,
unblocked,known_law_oracle,random2:1-2,marginal_max,,,,,,,,,,,,,3,"[11, 12, 13]",,,,,,,,
unblocked,known_law_oracle,random2:1-2,relational_max,,,,,,,,,,,,,3,"[11, 12, 13]",,,,,,,,
unblocked,known_law_oracle,random3:1-2-3,conditional_max,,,,,,,,,,,,,3,"[11, 12, 13]",,,,,,,,
unblocked,known_law_oracle,random3:1-2-3,independent,,,,,,,,,,,,,3,"[11, 12, 13]",,,,,,,,
unblocked,known_law_oracle,random3:1-2-3,joint,,,,,,,,,,,,,3,"[11, 12, 13]",,,,,,,,
unblocked,known_law_oracle,random3:1-2-3,marginal_max,,,,,,,,,,,,,3,"[11, 12, 13]",,,,,,,,
unblocked,known_law_oracle,random3:1-2-3,relational_max,,,,,,,,,,,,,3,"[11, 12, 13]",,,,,,,,
unblocked,known_law_oracle,single_sensor_0,conditional_max,,,,,,,,,,,,,3,"[11, 12, 13]",,,,,,,,
unblocked,known_law_oracle,single_sensor_0,independent,,,,,,,,,,,,,3,"[11, 12, 13]",,,,,,,,
unblocked,known_law_oracle,single_sensor_0,joint,,,,,,,,,,,,,3,"[11, 12, 13]",,,,,,,,
unblocked,known_law_oracle,single_sensor_0,marginal_max,,,,,,,,,,,,,3,"[11, 12, 13]",,,,,,,,
unblocked,known_law_oracle,single_sensor_0,relational_max,,,,,,,,,,,,,3,"[11, 12, 13]",,,,,,,,
uniform_wide,circuit,bank0:0-1,conditional_max,0.0,0.0,0.0,0.0,0.0,0.0,0.0,0.0,200.0,0.0,0.0,0.0,3,"[11, 12, 13]",0.0,0.0,0.0,0.0,,,,
uniform_wide,circuit,bank0:0-1,independent,0.0,0.0,0.0,0.0,0.0,0.0,0.0,0.0,200.0,0.0,0.0,0.0,3,"[11, 12, 13]",0.0,0.0,0.0,0.0,,,,
uniform_wide,circuit,bank0:0-1,joint,0.0,0.0,0.0,0.0,0.0,0.0,0.0,0.0,200.0,0.0,0.0,0.0,3,"[11, 12, 13]",0.0,0.0,0.0,0.0,,,,
uniform_wide,circuit,bank0:0-1,marginal_max,0.0,0.0,0.0,0.0,0.0,0.0,0.0,0.0,200.0,0.0,0.0,0.0,3,"[11, 12, 13]",0.0,0.0,0.0,0.0,,,,
uniform_wide,circuit,bank0:0-1,relational_max,0.0,0.0,0.0,0.0,0.0,0.0,0.0,0.0,200.0,0.0,0.0,0.0,3,"[11, 12, 13]",0.0,0.0,0.0,0.0,,,,
uniform_wide,circuit,full,conditional_max,200.0,0.0,0.11,0.0458257569495584,0.3333333333333333,0.5773502691896258,167.66666666666666,14.047538337136986,0.0,0.0,0.0,0.0,3,"[11, 12, 13]",0.0,0.0,0.0,0.0,0.6479166666666666,0.013661330258962462,0.4590954773869347,0.020061268241879406
uniform_wide,circuit,full,independent,200.0,0.0,0.0033333333333333335,0.005773502691896258,0.0,0.0,194.66666666666666,5.131601439446884,0.0,0.0,0.0,0.0,3,"[11, 12, 13]",0.0,0.0,0.0,0.0,0.5522222222222222,0.012571554457642919,0.33666666666666667,0.020816659994661313
uniform_wide,circuit,full,joint,200.0,0.0,0.03333333333333333,0.03175426480542942,0.3333333333333333,0.5773502691896258,185.0,16.46207763315433,0.0,0.0,0.0,0.0,3,"[11, 12, 13]",0.0,0.0,0.0,0.0,0.6479166666666666,0.013661330258962462,0.4590954773869347,0.020061268241879406
uniform_wide,circuit,full,marginal_max,200.0,0.0,0.021666666666666667,0.015275252316519468,0.0,0.0,187.33333333333334,9.504384952922168,0.0,0.0,0.0,0.0,3,"[11, 12, 13]",0.0,0.0,0.0,0.0,0.5522222222222222,0.012571554457642919,0.33666666666666667,0.020816659994661313
uniform_wide,circuit,full,relational_max,200.0,0.0,0.26666666666666666,0.045368858629387325,0.3333333333333333,0.5773502691896258,133.33333333333334,13.613718571108091,0.0,0.0,0.0,0.0,3,"[11, 12, 13]",0.0,0.0,0.0,0.0,0.7136111111111111,0.010803913042830168,0.5292211055276382,0.017752087559264704
uniform_wide,circuit,random1:0,conditional_max,0.0,0.0,0.0,0.0,0.0,0.0,0.0,0.0,200.0,0.0,0.0,0.0,3,"[11, 12, 13]",0.0,0.0,0.0,0.0,,,,
uniform_wide,circuit,random1:0,independent,0.0,0.0,0.0,0.0,0.0,0.0,0.0,0.0,200.0,0.0,0.0,0.0,3,"[11, 12, 13]",0.0,0.0,0.0,0.0,,,,
uniform_wide,circuit,random1:0,joint,0.0,0.0,0.0,0.0,0.0,0.0,0.0,0.0,200.0,0.0,0.0,0.0,3,"[11, 12, 13]",0.0,0.0,0.0,0.0,,,,
uniform_wide,circuit,random1:0,marginal_max,0.0,0.0,0.0,0.0,0.0,0.0,0.0,0.0,200.0,0.0,0.0,0.0,3,"[11, 12, 13]",0.0,0.0,0.0,0.0,,,,
uniform_wide,circuit,random1:0,relational_max,0.0,0.0,0.0,0.0,0.0,0.0,0.0,0.0,200.0,0.0,0.0,0.0,3,"[11, 12, 13]",0.0,0.0,0.0,0.0,,,,
uniform_wide,circuit,random2:1-2,conditional_max,200.0,0.0,0.10166666666666667,0.02362907813126304,0.0,0.0,155.66666666666666,8.962886439832502,0.0,0.0,0.0,0.0,3,"[11, 12, 13]",0.0,0.0,0.0,0.0,0.7450000000000001,0.010897247358851643,0.49,0.021794494717703387
uniform_wide,circuit,random2:1-2,independent,200.0,0.0,0.021666666666666667,0.010408329997330663,0.0,0.0,191.66666666666666,4.041451884327381,0.0,0.0,0.0,0.0,3,"[11, 12, 13]",0.0,0.0,0.0,0.0,0.7450000000000001,0.010897247358851643,0.49,0.021794494717703387
uniform_wide,circuit,random2:1-2,joint,200.0,0.0,0.051666666666666666,0.012583057392117916,0.0,0.0,179.0,8.18535277187245,0.0,0.0,0.0,0.0,3,"[11, 12, 13]",0.0,0.0,0.0,0.0,0.7450000000000001,0.010897247358851643,0.49,0.021794494717703387
uniform_wide,circuit,random2:1-2,marginal_max,200.0,0.0,0.03333333333333333,0.012583057392117916,0.0,0.0,184.0,8.54400374531753,0.0,0.0,0.0,0.0,3,"[11, 12, 13]",0.0,0.0,0.0,0.0,0.7450000000000001,0.010897247358851643,0.49,0.021794494717703387
uniform_wide,circuit,random2:1-2,relational_max,200.0,0.0,0.0,0.0,200.0,0.0,0.0,0.0,0.0,0.0,0.0,0.0,3,"[11, 12, 13]",0.0,0.0,0.0,0.0,0.605,0.01887458608817692,,
uniform_wide,circuit,random3:1-2-3,conditional_max,0.0,0.0,0.0,0.0,200.0,0.0,0.0,0.0,0.0,0.0,200.0,0.0,3,"[11, 12, 13]",0.0,0.0,0.0,0.0,,,,
uniform_wide,circuit,random3:1-2-3,independent,0.0,0.0,0.0,0.0,200.0,0.0,0.0,0.0,0.0,0.0,200.0,0.0,3,"[11, 12, 13]",0.0,0.0,0.0,0.0,,,,
uniform_wide,circuit,random3:1-2-3,joint,0.0,0.0,0.0,0.0,200.0,0.0,0.0,0.0,0.0,0.0,200.0,0.0,3,"[11, 12, 13]",0.0,0.0,0.0,0.0,,,,
uniform_wide,circuit,random3:1-2-3,marginal_max,0.0,0.0,0.0,0.0,200.0,0.0,0.0,0.0,0.0,0.0,200.0,0.0,3,"[11, 12, 13]",0.0,0.0,0.0,0.0,,,,
uniform_wide,circuit,random3:1-2-3,relational_max,0.0,0.0,0.0,0.0,200.0,0.0,0.0,0.0,0.0,0.0,200.0,0.0,3,"[11, 12, 13]",1.0,0.0,0.0,0.0,,,,
uniform_wide,circuit,single_sensor_0,conditional_max,0.0,0.0,0.0,0.0,200.0,0.0,0.0,0.0,0.0,0.0,200.0,0.0,3,"[11, 12, 13]",0.0,0.0,0.0,0.0,,,,
uniform_wide,circuit,single_sensor_0,independent,0.0,0.0,0.0,0.0,200.0,0.0,0.0,0.0,0.0,0.0,200.0,0.0,3,"[11, 12, 13]",0.0,0.0,0.0,0.0,,,,
uniform_wide,circuit,single_sensor_0,joint,0.0,0.0,0.0,0.0,200.0,0.0,0.0,0.0,0.0,0.0,200.0,0.0,3,"[11, 12, 13]",0.0,0.0,0.0,0.0,,,,
uniform_wide,circuit,single_sensor_0,marginal_max,0.0,0.0,0.0,0.0,200.0,0.0,0.0,0.0,0.0,0.0,200.0,0.0,3,"[11, 12, 13]",0.0,0.0,0.0,0.0,,,,
uniform_wide,circuit,single_sensor_0,relational_max,0.0,0.0,0.0,0.0,200.0,0.0,0.0,0.0,0.0,0.0,200.0,0.0,3,"[11, 12, 13]",1.0,0.0,0.0,0.0,,,,
uniform_wide,known_law_oracle,bank0:0-1,conditional_max,,,,,,,,,,,,,3,"[11, 12, 13]",,,,,,,,
uniform_wide,known_law_oracle,bank0:0-1,independent,,,,,,,,,,,,,3,"[11, 12, 13]",,,,,,,,
uniform_wide,known_law_oracle,bank0:0-1,joint,,,,,,,,,,,,,3,"[11, 12, 13]",,,,,,,,
uniform_wide,known_law_oracle,bank0:0-1,marginal_max,,,,,,,,,,,,,3,"[11, 12, 13]",,,,,,,,
uniform_wide,known_law_oracle,bank0:0-1,relational_max,,,,,,,,,,,,,3,"[11, 12, 13]",,,,,,,,
uniform_wide,known_law_oracle,full,conditional_max,,,,,,,,,,,,,3,"[11, 12, 13]",,,,,,,,
uniform_wide,known_law_oracle,full,independent,,,,,,,,,,,,,3,"[11, 12, 13]",,,,,,,,
uniform_wide,known_law_oracle,full,joint,,,,,,,,,,,,,3,"[11, 12, 13]",,,,,,,,
uniform_wide,known_law_oracle,full,marginal_max,,,,,,,,,,,,,3,"[11, 12, 13]",,,,,,,,
uniform_wide,known_law_oracle,full,relational_max,,,,,,,,,,,,,3,"[11, 12, 13]",,,,,,,,
uniform_wide,known_law_oracle,random1:0,conditional_max,,,,,,,,,,,,,3,"[11, 12, 13]",,,,,,,,
uniform_wide,known_law_oracle,random1:0,independent,,,,,,,,,,,,,3,"[11, 12, 13]",,,,,,,,
uniform_wide,known_law_oracle,random1:0,joint,,,,,,,,,,,,,3,"[11, 12, 13]",,,,,,,,
uniform_wide,known_law_oracle,random1:0,marginal_max,,,,,,,,,,,,,3,"[11, 12, 13]",,,,,,,,
uniform_wide,known_law_oracle,random1:0,relational_max,,,,,,,,,,,,,3,"[11, 12, 13]",,,,,,,,
uniform_wide,known_law_oracle,random2:1-2,conditional_max,,,,,,,,,,,,,3,"[11, 12, 13]",,,,,,,,
uniform_wide,known_law_oracle,random2:1-2,independent,,,,,,,,,,,,,3,"[11, 12, 13]",,,,,,,,
uniform_wide,known_law_oracle,random2:1-2,joint,,,,,,,,,,,,,3,"[11, 12, 13]",,,,,,,,
uniform_wide,known_law_oracle,random2:1-2,marginal_max,,,,,,,,,,,,,3,"[11, 12, 13]",,,,,,,,
uniform_wide,known_law_oracle,random2:1-2,relational_max,,,,,,,,,,,,,3,"[11, 12, 13]",,,,,,,,
uniform_wide,known_law_oracle,random3:1-2-3,conditional_max,,,,,,,,,,,,,3,"[11, 12, 13]",,,,,,,,
uniform_wide,known_law_oracle,random3:1-2-3,independent,,,,,,,,,,,,,3,"[11, 12, 13]",,,,,,,,
uniform_wide,known_law_oracle,random3:1-2-3,joint,,,,,,,,,,,,,3,"[11, 12, 13]",,,,,,,,
uniform_wide,known_law_oracle,random3:1-2-3,marginal_max,,,,,,,,,,,,,3,"[11, 12, 13]",,,,,,,,
uniform_wide,known_law_oracle,random3:1-2-3,relational_max,,,,,,,,,,,,,3,"[11, 12, 13]",,,,,,,,
uniform_wide,known_law_oracle,single_sensor_0,conditional_max,,,,,,,,,,,,,3,"[11, 12, 13]",,,,,,,,
uniform_wide,known_law_oracle,single_sensor_0,independent,,,,,,,,,,,,,3,"[11, 12, 13]",,,,,,,,
uniform_wide,known_law_oracle,single_sensor_0,joint,,,,,,,,,,,,,3,"[11, 12, 13]",,,,,,,,
uniform_wide,known_law_oracle,single_sensor_0,marginal_max,,,,,,,,,,,,,3,"[11, 12, 13]",,,,,,,,
uniform_wide,known_law_oracle,single_sensor_0,relational_max,,,,,,,,,,,,,3,"[11, 12, 13]",,,,,,,,
within_capacity,circuit,bank0:0-1,conditional_max,0.0,0.0,0.0,0.0,0.0,0.0,0.0,0.0,200.0,0.0,0.0,0.0,3,"[11, 12, 13]",0.0,0.0,0.0,0.0,,,,
within_capacity,circuit,bank0:0-1,independent,0.0,0.0,0.0,0.0,0.0,0.0,0.0,0.0,200.0,0.0,0.0,0.0,3,"[11, 12, 13]",0.0,0.0,0.0,0.0,,,,
within_capacity,circuit,bank0:0-1,joint,0.0,0.0,0.0,0.0,0.0,0.0,0.0,0.0,200.0,0.0,0.0,0.0,3,"[11, 12, 13]",0.0,0.0,0.0,0.0,,,,
within_capacity,circuit,bank0:0-1,marginal_max,0.0,0.0,0.0,0.0,0.0,0.0,0.0,0.0,200.0,0.0,0.0,0.0,3,"[11, 12, 13]",0.0,0.0,0.0,0.0,,,,
within_capacity,circuit,bank0:0-1,relational_max,0.0,0.0,0.0,0.0,0.0,0.0,0.0,0.0,200.0,0.0,0.0,0.0,3,"[11, 12, 13]",0.3333333333333333,0.0,0.0,0.0,,,,
within_capacity,circuit,full,conditional_max,200.0,0.0,0.04833333333333333,0.005773502691896259,0.0,0.0,182.66666666666666,7.094598884597588,0.0,0.0,0.0,0.0,3,"[11, 12, 13]",0.0,0.0,0.0,0.0,0.5970833333333333,0.0429934588047997,0.3833333333333333,0.05619905100029121
within_capacity,circuit,full,independent,200.0,0.0,0.005,0.008660254037844387,0.0,0.0,190.66666666666666,10.214368964029708,0.0,0.0,0.0,0.0,3,"[11, 12, 13]",0.0,0.0,0.0,0.0,0.5409722222222222,0.0024056261216234324,0.31666666666666665,0.012583057392117928
within_capacity,circuit,full,joint,200.0,0.0,0.015,0.01,0.0,0.0,189.33333333333334,8.621678104251709,0.0,0.0,0.0,0.0,3,"[11, 12, 13]",0.0,0.0,0.0,0.0,0.5970833333333333,0.0429934588047997,0.3833333333333333,0.05619905100029121
within_capacity,circuit,full,marginal_max,200.0,0.0,0.021666666666666667,0.01755942292142123,0.0,0.0,186.66666666666666,11.67618659209133,0.0,0.0,0.0,0.0,3,"[11, 12, 13]",0.0,0.0,0.0,0.0,0.5409722222222222,0.0024056261216234324,0.31666666666666665,0.012583057392117928
within_capacity,circuit,full,relational_max,200.0,0.0,0.09499999999999999,0.12379418403139947,102.66666666666667,100.10660983837847,68.33333333333333,69.00966115938647,0.0,0.0,0.0,0.0,3,"[11, 12, 13]",0.0,0.0,0.0,0.0,0.6538888888888889,0.06518714156891622,0.45054347826086955,0.17600810096926017
within_capacity,circuit,random1:0,conditional_max,0.0,0.0,0.0,0.0,0.0,0.0,0.0,0.0,200.0,0.0,0.0,0.0,3,"[11, 12, 13]",0.0,0.0,0.0,0.0,,,,
within_capacity,circuit,random1:0,independent,0.0,0.0,0.0,0.0,0.0,0.0,0.0,0.0,200.0,0.0,0.0,0.0,3,"[11, 12, 13]",0.0,0.0,0.0,0.0,,,,
within_capacity,circuit,random1:0,joint,0.0,0.0,0.0,0.0,0.0,0.0,0.0,0.0,200.0,0.0,0.0,0.0,3,"[11, 12, 13]",0.0,0.0,0.0,0.0,,,,
within_capacity,circuit,random1:0,marginal_max,0.0,0.0,0.0,0.0,0.0,0.0,0.0,0.0,200.0,0.0,0.0,0.0,3,"[11, 12, 13]",0.0,0.0,0.0,0.0,,,,
within_capacity,circuit,random1:0,relational_max,0.0,0.0,0.0,0.0,0.0,0.0,0.0,0.0,200.0,0.0,0.0,0.0,3,"[11, 12, 13]",0.0,0.0,0.0,0.0,,,,
within_capacity,circuit,random2:1-2,conditional_max,200.0,0.0,0.043333333333333335,0.005773502691896258,0.0,0.0,181.0,2.0,0.0,0.0,0.0,0.0,3,"[11, 12, 13]",0.0,0.0,0.0,0.0,0.7391666666666667,0.008036375634160814,0.47833333333333333,0.016072751268321573
within_capacity,circuit,random2:1-2,independent,200.0,0.0,0.025000000000000005,0.015,0.0,0.0,190.0,6.244997998398398,0.0,0.0,0.0,0.0,3,"[11, 12, 13]",0.0,0.0,0.0,0.0,0.7391666666666667,0.008036375634160814,0.47833333333333333,0.016072751268321573
within_capacity,circuit,random2:1-2,joint,200.0,0.0,0.03,0.008660254037844387,0.0,0.0,188.33333333333334,3.5118845842842465,0.0,0.0,0.0,0.0,3,"[11, 12, 13]",0.0,0.0,0.0,0.0,0.7391666666666667,0.008036375634160814,0.47833333333333333,0.016072751268321573
within_capacity,circuit,random2:1-2,marginal_max,200.0,0.0,0.03833333333333334,0.012583057392117916,0.0,0.0,184.0,5.5677643628300215,0.0,0.0,0.0,0.0,3,"[11, 12, 13]",0.0,0.0,0.0,0.0,0.7391666666666667,0.008036375634160814,0.47833333333333333,0.016072751268321573
within_capacity,circuit,random2:1-2,relational_max,200.0,0.0,0.0,0.0,200.0,0.0,0.0,0.0,0.0,0.0,0.0,0.0,3,"[11, 12, 13]",0.6666666666666666,0.0,0.0,0.0,0.6291666666666667,0.04389855730355309,,
within_capacity,circuit,random3:1-2-3,conditional_max,0.0,0.0,0.0,0.0,200.0,0.0,0.0,0.0,0.0,0.0,200.0,0.0,3,"[11, 12, 13]",0.0,0.0,0.0,0.0,,,,
within_capacity,circuit,random3:1-2-3,independent,0.0,0.0,0.0,0.0,200.0,0.0,0.0,0.0,0.0,0.0,200.0,0.0,3,"[11, 12, 13]",0.0,0.0,0.0,0.0,,,,
within_capacity,circuit,random3:1-2-3,joint,0.0,0.0,0.0,0.0,200.0,0.0,0.0,0.0,0.0,0.0,200.0,0.0,3,"[11, 12, 13]",0.0,0.0,0.0,0.0,,,,
within_capacity,circuit,random3:1-2-3,marginal_max,0.0,0.0,0.0,0.0,200.0,0.0,0.0,0.0,0.0,0.0,200.0,0.0,3,"[11, 12, 13]",0.0,0.0,0.0,0.0,,,,
within_capacity,circuit,random3:1-2-3,relational_max,0.0,0.0,0.0,0.0,200.0,0.0,0.0,0.0,0.0,0.0,200.0,0.0,3,"[11, 12, 13]",1.0,0.0,0.0,0.0,,,,
within_capacity,circuit,single_sensor_0,conditional_max,0.0,0.0,0.0,0.0,200.0,0.0,0.0,0.0,0.0,0.0,200.0,0.0,3,"[11, 12, 13]",0.0,0.0,0.0,0.0,,,,
within_capacity,circuit,single_sensor_0,independent,0.0,0.0,0.0,0.0,200.0,0.0,0.0,0.0,0.0,0.0,200.0,0.0,3,"[11, 12, 13]",0.0,0.0,0.0,0.0,,,,
within_capacity,circuit,single_sensor_0,joint,0.0,0.0,0.0,0.0,200.0,0.0,0.0,0.0,0.0,0.0,200.0,0.0,3,"[11, 12, 13]",0.0,0.0,0.0,0.0,,,,
within_capacity,circuit,single_sensor_0,marginal_max,0.0,0.0,0.0,0.0,200.0,0.0,0.0,0.0,0.0,0.0,200.0,0.0,3,"[11, 12, 13]",0.0,0.0,0.0,0.0,,,,
within_capacity,circuit,single_sensor_0,relational_max,0.0,0.0,0.0,0.0,200.0,0.0,0.0,0.0,0.0,0.0,200.0,0.0,3,"[11, 12, 13]",1.0,0.0,0.0,0.0,,,,
within_capacity,known_law_oracle,bank0:0-1,conditional_max,,,,,,,,,,,,,3,"[11, 12, 13]",,,,,,,,
within_capacity,known_law_oracle,bank0:0-1,independent,,,,,,,,,,,,,3,"[11, 12, 13]",,,,,,,,
within_capacity,known_law_oracle,bank0:0-1,joint,,,,,,,,,,,,,3,"[11, 12, 13]",,,,,,,,
within_capacity,known_law_oracle,bank0:0-1,marginal_max,,,,,,,,,,,,,3,"[11, 12, 13]",,,,,,,,
within_capacity,known_law_oracle,bank0:0-1,relational_max,,,,,,,,,,,,,3,"[11, 12, 13]",,,,,,,,
within_capacity,known_law_oracle,full,conditional_max,,,,,,,,,,,,,3,"[11, 12, 13]",,,,,,,,
within_capacity,known_law_oracle,full,independent,,,,,,,,,,,,,3,"[11, 12, 13]",,,,,,,,
within_capacity,known_law_oracle,full,joint,,,,,,,,,,,,,3,"[11, 12, 13]",,,,,,,,
within_capacity,known_law_oracle,full,marginal_max,,,,,,,,,,,,,3,"[11, 12, 13]",,,,,,,,
within_capacity,known_law_oracle,full,relational_max,,,,,,,,,,,,,3,"[11, 12, 13]",,,,,,,,
within_capacity,known_law_oracle,random1:0,conditional_max,,,,,,,,,,,,,3,"[11, 12, 13]",,,,,,,,
within_capacity,known_law_oracle,random1:0,independent,,,,,,,,,,,,,3,"[11, 12, 13]",,,,,,,,
within_capacity,known_law_oracle,random1:0,joint,,,,,,,,,,,,,3,"[11, 12, 13]",,,,,,,,
within_capacity,known_law_oracle,random1:0,marginal_max,,,,,,,,,,,,,3,"[11, 12, 13]",,,,,,,,
within_capacity,known_law_oracle,random1:0,relational_max,,,,,,,,,,,,,3,"[11, 12, 13]",,,,,,,,
within_capacity,known_law_oracle,random2:1-2,conditional_max,,,,,,,,,,,,,3,"[11, 12, 13]",,,,,,,,
within_capacity,known_law_oracle,random2:1-2,independent,,,,,,,,,,,,,3,"[11, 12, 13]",,,,,,,,
within_capacity,known_law_oracle,random2:1-2,joint,,,,,,,,,,,,,3,"[11, 12, 13]",,,,,,,,
within_capacity,known_law_oracle,random2:1-2,marginal_max,,,,,,,,,,,,,3,"[11, 12, 13]",,,,,,,,
within_capacity,known_law_oracle,random2:1-2,relational_max,,,,,,,,,,,,,3,"[11, 12, 13]",,,,,,,,
within_capacity,known_law_oracle,random3:1-2-3,conditional_max,,,,,,,,,,,,,3,"[11, 12, 13]",,,,,,,,
within_capacity,known_law_oracle,random3:1-2-3,independent,,,,,,,,,,,,,3,"[11, 12, 13]",,,,,,,,
within_capacity,known_law_oracle,random3:1-2-3,joint,,,,,,,,,,,,,3,"[11, 12, 13]",,,,,,,,
within_capacity,known_law_oracle,random3:1-2-3,marginal_max,,,,,,,,,,,,,3,"[11, 12, 13]",,,,,,,,
within_capacity,known_law_oracle,random3:1-2-3,relational_max,,,,,,,,,,,,,3,"[11, 12, 13]",,,,,,,,
within_capacity,known_law_oracle,single_sensor_0,conditional_max,,,,,,,,,,,,,3,"[11, 12, 13]",,,,,,,,
within_capacity,known_law_oracle,single_sensor_0,independent,,,,,,,,,,,,,3,"[11, 12, 13]",,,,,,,,
within_capacity,known_law_oracle,single_sensor_0,joint,,,,,,,,,,,,,3,"[11, 12, 13]",,,,,,,,
within_capacity,known_law_oracle,single_sensor_0,marginal_max,,,,,,,,,,,,,3,"[11, 12, 13]",,,,,,,,
within_capacity,known_law_oracle,single_sensor_0,relational_max,,,,,,,,,,,,,3,"[11, 12, 13]",,,,,,,,
