experiment,variant,dataset,stage,method,rmse_mean,rmse_std,mae_mean,mae_std,nasa_mean,nasa_std,crps_mean,crps_std,picp_mean,picp_std,mpiw_mean,mpiw_std,interval_score_mean,interval_score_std,picp_edge_mean,picp_edge_std,mpiw_edge_mean,mpiw_edge_std,interval_score_edge_mean,interval_score_edge_std,calib_err_mean,calib_err_std,pred_sd_mean,pred_sd_std,pit_mean_mean,pit_mean_std,pit_var_mean,pit_var_std,pit_ks_mean,pit_ks_std,pit_var_target_mean,pit_var_target_std,fit_s_mean,fit_s_std,params_mean,params_std,censored_frac_mean,censored_frac_std,n_seeds,seeds,axis:dataset.censor_frac,train_rows_mean,train_rows_std,n_dead_mean,n_dead_std,crps_full_mean,crps_full_std,crps_exact_marginal_mean,crps_exact_marginal_std,crps_imputed_mean,crps_imputed_std,rmse_full_mean,rmse_full_std,rmse_exact_marginal_mean,rmse_exact_marginal_std,rmse_imputed_mean,rmse_imputed_std,picp_exact_marginal_mean,picp_exact_marginal_std,picp_exact_marginal_edge_mean,picp_exact_marginal_edge_std,picp_imputed_mean,picp_imputed_std,picp_imputed_edge_mean,picp_imputed_edge_std,marginal_pit_mean_mean,marginal_pit_mean_std,marginal_pit_var_mean,marginal_pit_var_std,marginal_pit_ks_mean,marginal_pit_ks_std,marginal_pit_var_target_mean,marginal_pit_var_target_std
cmapss_rul,censor_frac-0.2,cmapss:FD001,rul,SurvivalPC (drop censored) [all],27.570310233361127,0.2959929469953628,22.737281546529132,0.195288341434968,167003.20464635539,4719.873070313464,12.253359142826133,0.16809856985444513,0.4097777777777778,0.0024888888888889055,73.34400000000001,1.043365873353643,107.82814814814814,0.4388378216891237,0.9784888888888889,0.0024633611485423883,78.34400000000001,1.043365873353643,83.90133333333334,0.4870908349389082,0.25196444444444444,0.0029589721271723124,19.99096171061198,0.6297399771574281,0.5949879291868588,0.004307556136757335,0.07415329128588811,0.0017271117614276533,0.14708771461478806,0.005244616705974058,0.08333333333333333,0.0,240.72831122080484,43.09113234120214,43356.0,0.0,0.1383043130238851,0.032710767446942186,3,"[0, 1, 2]",0.2,,,,,,,,,,,,,,,,,,,,,,,,,,,,,,,,
cmapss_rul,censor_frac-0.2,cmapss:FD001,rul,SurvivalPC (drop censored) [last],26.87920137772012,0.13385767990266562,21.597100159327187,0.16272044964363874,7028.93445006353,234.3648816077556,14.424203679978687,0.07707965541849636,0.8333333333333334,0.005773502691896263,82.45,0.7858116822750866,105.11666666666667,0.5251983752196301,0.96,0.0,87.45,0.7858116822750866,101.91666666666667,0.38837267325770103,0.03899999999999999,0.005567764362830024,28.44313367207845,0.3828984303524787,0.44099685590637105,0.006878627382875683,0.062067914504138205,0.0019094380001635396,0.16130742146152513,0.017007434300360447,0.08333333333333333,0.0,240.72831122080484,43.09113234120214,43356.0,0.0,0.1383043130238851,0.032710767446942186,3,"[0, 1, 2]",0.2,,,,,,,,,,,,,,,,,,,,,,,,,,,,,,,,
cmapss_rul,censor_frac-0.2,cmapss:FD001,rul,SurvivalPC (exact censored lik.) [all],26.20539972251179,0.22973994346022827,21.253003841880513,0.40209486636044356,185256.20184661914,11760.809040620914,11.456965011257537,0.13753867958458377,0.4040888888888889,0.005237660395611106,70.51703703703704,2.1166421734754746,105.64592592592594,0.4661443284857425,0.9752296296296296,0.005670340131036799,75.51703703703704,2.1166421734754746,81.44414814814814,0.7093981219831731,0.23245629629629627,0.0049518797195814,19.144978205362957,0.17630071139418857,0.5563959498277026,0.010067886247439714,0.07719380089274729,0.0016281258408085662,0.08926196115362779,0.014324491160604027,0.08333333333333333,0.0,303.18877363204956,48.69882196252766,43356.0,0.0,0.1383043130238851,0.032710767446942186,3,"[0, 1, 2]",0.2,,,,,,,,,,,,,,,,,,,,,,,,,,,,,,,,
cmapss_rul,censor_frac-0.2,cmapss:FD001,rul,SurvivalPC (exact censored lik.) [last],27.62568147220618,0.15694387321875675,21.799857025146483,0.11845496111927764,10051.7164547763,1171.8779576040824,14.971617806305522,0.14855502762706577,0.83,0.0,81.30000000000001,1.738533865071372,107.06666666666668,1.2473304828045066,0.9566666666666667,0.005773502691896262,86.30000000000001,1.738533865071372,103.7,1.2134661099511637,0.06733333333333334,0.009814954576223634,28.644723892211914,0.4401817805635355,0.4010107989367564,0.011550787625004305,0.05895266700547406,0.002261612692114839,0.22579131814072298,0.012709378696722081,0.08333333333333333,0.0,303.18877363204956,48.69882196252766,43356.0,0.0,0.1383043130238851,0.032710767446942186,3,"[0, 1, 2]",0.2,,,,,,,,,,,,,,,,,,,,,,,,,,,,,,,,
cmapss_rul,censor_frac-0.2,cmapss:FD001,rul,ridge regression [all],18.10227690048055,0.1702635094859752,14.585365516247371,0.16633582320362558,29391.157059065983,144.35587581883334,,,,,,,,,,,,,,,,,,,,,,,,,,,0.015478293100992838,0.006584911565520597,,,,,3,"[0, 1, 2]",0.2,7543.333333333333,345.6158754069803,,,,,,,,,,,,,,,,,,,,,,,,,,,,,,
cmapss_rul,censor_frac-0.2,cmapss:FD001,rul,ridge regression [last],17.96507632240937,0.043908005390583114,14.528567479454516,0.07615681453430523,617.083095775269,7.29271735074584,,,,,,,,,,,,,,,,,,,,,,,,,,,0.015478293100992838,0.006584911565520597,,,,,3,"[0, 1, 2]",0.2,7543.333333333333,345.6158754069803,,,,,,,,,,,,,,,,,,,,,,,,,,,,,,
cmapss_rul,censor_frac-0.2,cmapss:FD001,rul,MLP regressor [all],17.133244328125183,0.39135105343524396,13.060190049574109,0.27516450585972635,45876.291065074656,2597.433907157766,,,,,,,,,,,,,,,,,,,,,,,,,,,1.9023640155792236,0.2914152003740076,,,,,3,"[0, 1, 2]",0.2,7543.333333333333,345.6158754069803,,,,,,,,,,,,,,,,,,,,,,,,,,,,,,
cmapss_rul,censor_frac-0.2,cmapss:FD001,rul,MLP regressor [last],17.137517661911335,0.8996402638700705,12.502492672602335,0.9564754475089148,708.7445797419647,58.95715444695442,,,,,,,,,,,,,,,,,,,,,,,,,,,1.9023640155792236,0.2914152003740076,,,,,3,"[0, 1, 2]",0.2,7543.333333333333,345.6158754069803,,,,,,,,,,,,,,,,,,,,,,,,,,,,,,
cmapss_rul,censor_frac-0.2,cmapss:FD001,rul,quantile reg. + conformal (CQR) [all],16.891848115105795,0.31850885234464865,13.086826796496355,0.32338657120979974,36422.11172143243,3111.5168038278503,,,0.8462814814814815,0.0184258183507003,47.27755380939201,1.348869750129311,67.78661015614404,1.9039602555868587,,,,,,,,,,,,,,,,,,,1.4567086696624756,0.03774825240694804,,,,,3,"[0, 1, 2]",0.2,7543.333333333333,345.6158754069803,,,,,,,,,,,,,,,,,,,,,,,,,,,,,,
cmapss_rul,censor_frac-0.2,cmapss:FD001,rul,quantile reg. + conformal (CQR) [last],16.501460819149653,0.2952386177903807,11.97002235253652,0.2379851249383071,678.6791542136858,57.357023832019976,,,0.8833333333333333,0.01527525231651948,45.25685902635257,0.6055216171988982,72.46943430304526,4.45640115109196,,,,,,,,,,,,,,,,,,,1.4567086696624756,0.03774825240694804,,,,,3,"[0, 1, 2]",0.2,7543.333333333333,345.6158754069803,,,,,,,,,,,,,,,,,,,,,,,,,,,,,,
cmapss_rul,censor_frac-0.35,cmapss:FD001,rul,SurvivalPC (drop censored) [all],27.358258916135984,0.667695049309536,22.46304173295763,0.7208894193935471,174348.59060887477,5354.077815123806,12.090241177143978,0.3794946706867165,0.409837037037037,0.003797681770669547,73.39703703703704,1.9964375845006024,108.01688888888889,1.4232518495194382,0.9786074074074075,0.0025162517031777376,78.39703703703704,1.9964375845006024,84.09540740740742,1.6125751100636283,0.2479407407407407,0.008207989282756362,20.01805877685547,0.5027569588308649,0.5858801153099785,0.016802758053230907,0.07371003311435816,0.0024924649682210825,0.13129687460739675,0.02691397940268646,0.08333333333333333,0.0,222.33957171440125,56.19826821467998,43356.0,0.0,0.2594802180926005,0.03650266613353068,3,"[0, 1, 2]",0.35,,,,,,,,,,,,,,,,,,,,,,,,,,,,,,,,
cmapss_rul,censor_frac-0.35,cmapss:FD001,rul,SurvivalPC (drop censored) [last],26.923352499495564,0.22728454701199508,21.481205622355144,0.06258780473662233,7788.573225936726,1348.787484338655,14.496527470895382,0.15505775834216545,0.8333333333333334,0.005773502691896263,82.55,1.2379418403139995,105.88333333333333,0.7588368291888143,0.96,0.0,87.55,1.2379418403139995,102.68333333333334,0.7522189397597836,0.04900000000000001,0.008185352771872462,28.64312171936035,0.2399073437807865,0.4317302887567008,0.01889765135351198,0.05994840746551031,0.0014721625820412363,0.18101114283306044,0.02422403226247218,0.08333333333333333,0.0,222.33957171440125,56.19826821467998,43356.0,0.0,0.2594802180926005,0.03650266613353068,3,"[0, 1, 2]",0.35,,,,,,,,,,,,,,,,,,,,,,,,,,,,,,,,
cmapss_rul,censor_frac-0.35,cmapss:FD001,rul,SurvivalPC (exact censored lik.) [all],25.481748499160165,0.16835436315593832,20.22884857228597,0.3209470768477177,220274.68213681076,7841.834201195881,11.072689049921449,0.06885143928350532,0.4007703703703704,0.005451529781146978,69.12681481481481,1.9255233995306067,105.09718518518518,0.6832742280972509,0.9719703703703703,0.0048404332697272925,74.12681481481481,1.9255233995306067,80.73303703703704,0.9502743290290072,0.21604148148148147,0.004329402965900994,18.53008778889974,0.19692979281554232,0.5231022819269949,0.00850921716674334,0.07886282078038467,0.0020690961086400395,0.04094980303759762,0.01518679981095105,0.08333333333333333,0.0,321.0223066012065,57.631507912693515,43356.0,0.0,0.2594802180926005,0.03650266613353068,3,"[0, 1, 2]",0.35,,,,,,,,,,,,,,,,,,,,,,,,,,,,,,,,
cmapss_rul,censor_frac-0.35,cmapss:FD001,rul,SurvivalPC (exact censored lik.) [last],28.54812282639159,0.4043318583977652,22.070481850306194,0.3719392189787792,13627.146298552143,1043.2425622569667,15.76292190787266,0.24292636715683166,0.8266666666666667,0.005773502691896262,81.11666666666666,0.7973915809270438,108.38333333333333,1.1116804097101554,0.9499999999999998,1.3597399555105182e-16,86.11666666666667,0.7973915809270438,104.71666666666665,0.992891400573768,0.09933333333333334,0.01167618659209134,28.730618794759113,0.3701949933543356,0.3629849038702231,0.011981381148709828,0.05368368532339982,0.000935596836061109,0.28688329159324816,0.007831524541436671,0.08333333333333333,0.0,321.0223066012065,57.631507912693515,43356.0,0.0,0.2594802180926005,0.03650266613353068,3,"[0, 1, 2]",0.35,,,,,,,,,,,,,,,,,,,,,,,,,,,,,,,,
cmapss_rul,censor_frac-0.35,cmapss:FD001,rul,ridge regression [all],18.08818273710785,0.3277946578771445,14.59621272078501,0.33668229062107746,29824.833330475376,250.95441170452926,,,,,,,,,,,,,,,,,,,,,,,,,,,0.01323699951171875,0.005592024897488017,,,,,3,"[0, 1, 2]",0.35,6121.0,395.2758530444277,,,,,,,,,,,,,,,,,,,,,,,,,,,,,,
cmapss_rul,censor_frac-0.35,cmapss:FD001,rul,ridge regression [last],17.91453473379491,0.267811030786394,14.475246660726894,0.20199909738376423,634.1789104779588,34.44548207277232,,,,,,,,,,,,,,,,,,,,,,,,,,,0.01323699951171875,0.005592024897488017,,,,,3,"[0, 1, 2]",0.35,6121.0,395.2758530444277,,,,,,,,,,,,,,,,,,,,,,,,,,,,,,
cmapss_rul,censor_frac-0.35,cmapss:FD001,rul,MLP regressor [all],17.58844111059004,0.24179069385926616,13.563728861845865,0.16969659500570408,48469.53012974935,8301.819781214499,,,,,,,,,,,,,,,,,,,,,,,,,,,1.9246756235758464,0.5840685955910889,,,,,3,"[0, 1, 2]",0.35,6121.0,395.2758530444277,,,,,,,,,,,,,,,,,,,,,,,,,,,,,,
cmapss_rul,censor_frac-0.35,cmapss:FD001,rul,MLP regressor [last],17.12335210746372,0.5006585610442157,12.47358644803365,0.31291367354924343,722.4559527686166,133.18805890029262,,,,,,,,,,,,,,,,,,,,,,,,,,,1.9246756235758464,0.5840685955910889,,,,,3,"[0, 1, 2]",0.35,6121.0,395.2758530444277,,,,,,,,,,,,,,,,,,,,,,,,,,,,,,
cmapss_rul,censor_frac-0.35,cmapss:FD001,rul,quantile reg. + conformal (CQR) [all],17.465324188597577,0.9111062561309294,13.513974138047962,1.0531140696669286,43441.62687842739,6315.194707853043,,,0.8294518518518519,0.017640656371055077,46.495428224019655,1.0188769495864827,71.73370198930104,3.002574597202965,,,,,,,,,,,,,,,,,,,1.309411843617757,0.19337215590887222,,,,,3,"[0, 1, 2]",0.35,6121.0,395.2758530444277,,,,,,,,,,,,,,,,,,,,,,,,,,,,,,
cmapss_rul,censor_frac-0.35,cmapss:FD001,rul,quantile reg. + conformal (CQR) [last],16.62738302865313,0.2795592138883918,12.031582282384235,0.44484563162589735,665.5184500924871,91.12067177734889,,,0.8733333333333334,0.025166114784235857,45.04511029918988,0.4547950703601905,72.95711960196495,1.9413964210031767,,,,,,,,,,,,,,,,,,,1.309411843617757,0.19337215590887222,,,,,3,"[0, 1, 2]",0.35,6121.0,395.2758530444277,,,,,,,,,,,,,,,,,,,,,,,,,,,,,,
cmapss_rul,censor_frac-0.5,cmapss:FD001,rul,SurvivalPC (drop censored) [all],27.19874149978503,0.8569117682396108,22.485696878729925,0.8037460416378419,169003.4622063311,6140.762256604571,12.038257893485081,0.48339074006283145,0.40859259259259256,0.004039638984806942,72.80088888888889,1.9273199968791763,107.4794074074074,1.337117691216673,0.9772444444444445,0.003923213598349113,77.80088888888889,1.9273199968791763,83.48622222222222,1.539725677026215,0.24759703703703698,0.011141098497013856,19.385738372802734,0.8015467468616152,0.588073161436801,0.018331467523188205,0.07335404063430864,0.0025368220765333645,0.13726114504394493,0.027248124477577646,0.08333333333333333,0.0,145.2217956384023,6.236178447558424,43356.0,0.0,0.38865049680074054,0.018683032801228704,3,"[0, 1, 2]",0.5,,,,,,,,,,,,,,,,,,,,,,,,,,,,,,,,
cmapss_rul,censor_frac-0.5,cmapss:FD001,rul,SurvivalPC (drop censored) [last],27.096001509231627,0.42441103759376914,21.699023723602295,0.16637324784989643,7720.426275918452,1463.748471989284,14.565962786681615,0.2344297682083137,0.8333333333333334,0.005773502691896263,81.75,1.6209565077447337,105.08333333333333,0.977667291737492,0.9566666666666667,0.005773502691896262,86.75,1.6209565077447337,101.81666666666666,0.8892881047969405,0.05233333333333332,0.01457166199626294,28.175196329752605,0.28216873064223175,0.42811809498512615,0.02519496931873863,0.05969461137495404,0.0008323284916422343,0.18686195978957962,0.0359371069225122,0.08333333333333333,0.0,145.2217956384023,6.236178447558424,43356.0,0.0,0.38865049680074054,0.018683032801228704,3,"[0, 1, 2]",0.5,,,,,,,,,,,,,,,,,,,,,,,,,,,,,,,,
cmapss_rul,censor_frac-0.5,cmapss:FD001,rul,SurvivalPC (exact censored lik.) [all],24.987093025417806,0.07351601197525913,19.40550332658556,0.38793335939553375,268468.11346744717,25021.909769166392,10.909529706177317,0.016694494627047002,0.3930666666666667,0.009821317203152444,66.48355555555555,3.1386116613072503,104.29214814814814,0.3276919159356088,0.9662222222222222,0.008285283696164294,71.48355555555555,3.1386116613072463,79.56651851851852,0.613151234373702,0.2005511111111111,0.0050824549332136905,17.24836540222168,0.18035397075111187,0.49404761582358653,0.009642519611361245,0.08103196864232563,0.003135179660534706,0.02897477836616989,0.001267550756206021,0.08333333333333333,0.0,267.41594942410785,17.478787728561006,43356.0,0.0,0.38865049680074054,0.018683032801228704,3,"[0, 1, 2]",0.5,,,,,,,,,,,,,,,,,,,,,,,,,,,,,,,,
cmapss_rul,censor_frac-0.5,cmapss:FD001,rul,SurvivalPC (exact censored lik.) [last],30.272999941345635,0.3411330242815634,23.127616669336955,0.18887150638008735,17968.781061418264,1945.081956324206,17.000204442469297,0.23829195870803413,0.8166666666666668,0.01527525231651942,80.53333333333335,2.341117966556437,110.3,1.1821590417536918,0.9433333333333334,0.011547005383792462,85.53333333333335,2.341117966556437,106.13333333333333,0.617116952719121,0.13133333333333333,0.011239810200058258,28.250871658325195,0.29904224040066524,0.3304415015115884,0.011592043062135645,0.052058295761442684,0.0019055415929379687,0.3335930859176846,0.009494712756563778,0.08333333333333333,0.0,267.41594942410785,17.478787728561006,43356.0,0.0,0.38865049680074054,0.018683032801228704,3,"[0, 1, 2]",0.5,,,,,,,,,,,,,,,,,,,,,,,,,,,,,,,,
cmapss_rul,censor_frac-0.5,cmapss:FD001,rul,ridge regression [all],18.099537092999054,0.16596640646255234,14.58563256548183,0.07676728681133477,30189.9971035377,1152.7419295247137,,,,,,,,,,,,,,,,,,,,,,,,,,,0.006584882736206055,0.0009310016555999174,,,,,3,"[0, 1, 2]",0.5,4750.333333333333,86.07167555783572,,,,,,,,,,,,,,,,,,,,,,,,,,,,,,
cmapss_rul,censor_frac-0.5,cmapss:FD001,rul,ridge regression [last],17.979398168450633,0.8062966414324468,14.417622376799102,0.5552014946836107,632.9736843800143,82.78716576470103,,,,,,,,,,,,,,,,,,,,,,,,,,,0.006584882736206055,0.0009310016555999174,,,,,3,"[0, 1, 2]",0.5,4750.333333333333,86.07167555783572,,,,,,,,,,,,,,,,,,,,,,,,,,,,,,
cmapss_rul,censor_frac-0.5,cmapss:FD001,rul,MLP regressor [all],17.469187033840544,0.3717998001725257,13.56616938623499,0.3778136860059666,41292.12090061383,2364.550664844152,,,,,,,,,,,,,,,,,,,,,,,,,,,1.049450397491455,0.1471952443661414,,,,,3,"[0, 1, 2]",0.5,4750.333333333333,86.07167555783572,,,,,,,,,,,,,,,,,,,,,,,,,,,,,,
cmapss_rul,censor_frac-0.5,cmapss:FD001,rul,MLP regressor [last],18.092263207972575,0.50208924744195,13.115190877517065,0.8096098104880649,794.8580007261629,90.33538480445334,,,,,,,,,,,,,,,,,,,,,,,,,,,1.049450397491455,0.1471952443661414,,,,,3,"[0, 1, 2]",0.5,4750.333333333333,86.07167555783572,,,,,,,,,,,,,,,,,,,,,,,,,,,,,,
cmapss_rul,censor_frac-0.5,cmapss:FD001,rul,quantile reg. + conformal (CQR) [all],17.620346493947924,0.2186595517260923,13.741545876199227,0.30791986764861895,43663.47451806111,4040.4673042380177,,,0.8537481481481483,0.008135802094456657,51.032553817007276,0.7016242008319166,71.2863878059034,1.243980473740732,,,,,,,,,,,,,,,,,,,0.8806089560190836,0.042944772416478615,,,,,3,"[0, 1, 2]",0.5,4750.333333333333,86.07167555783572,,,,,,,,,,,,,,,,,,,,,,,,,,,,,,
cmapss_rul,censor_frac-0.5,cmapss:FD001,rul,quantile reg. + conformal (CQR) [last],17.510200092036353,0.38757649295732405,12.938455576896667,0.23116125677812707,778.455138846125,31.839610632062378,,,0.8933333333333334,0.05507570547286107,47.75636622111003,1.1303935221105659,71.96758969624837,3.541923825989693,,,,,,,,,,,,,,,,,,,0.8806089560190836,0.042944772416478615,,,,,3,"[0, 1, 2]",0.5,4750.333333333333,86.07167555783572,,,,,,,,,,,,,,,,,,,,,,,,,,,,,,
cmapss_rul,censor_frac-0.7,cmapss:FD001,rul,SurvivalPC (drop censored) [all],26.797057006797303,1.332848435486685,22.02423912624783,1.3877403767196292,182121.49817665256,15640.113442432872,11.823135620344013,0.7956437784538933,0.4064592592592593,0.004470442480010031,71.93155555555556,2.510067196975679,106.94548148148148,1.6722658736766016,0.975288888888889,0.004203232148457587,76.93155555555556,2.510067196975679,82.85511111111111,1.896266272910477,0.24024296296296296,0.01829432959890169,19.075688044230144,0.9738428795395906,0.5755568523668857,0.033726703910868266,0.07516305173209209,0.003961985135886009,0.1179295101834567,0.05221917336258237,0.08333333333333333,0.0,93.23723904291789,9.605558792012355,43356.0,0.0,0.5762063066164652,0.04978754647651542,3,"[0, 1, 2]",0.7,,,,,,,,,,,,,,,,,,,,,,,,,,,,,,,,
cmapss_rul,censor_frac-0.7,cmapss:FD001,rul,SurvivalPC (drop censored) [last],27.41521252274968,0.6296083961310937,21.669165178934733,0.3235759533060166,9123.113611664761,2831.8620479251085,14.802981084920305,0.45429798318794984,0.83,0.010000000000000009,80.91666666666667,1.3823289526495972,105.41666666666667,0.8751190395216717,0.9533333333333333,0.005773502691896262,85.91666666666667,1.3823289526495972,101.91666666666667,1.3750757554888868,0.06833333333333332,0.027135462651912412,28.436461130777996,0.476317807704568,0.40922535618221495,0.04103773716446988,0.05979261499596783,0.0026807964837534926,0.20441958703793742,0.05424468491389025,0.08333333333333333,0.0,93.23723904291789,9.605558792012355,43356.0,0.0,0.5762063066164652,0.04978754647651542,3,"[0, 1, 2]",0.7,,,,,,,,,,,,,,,,,,,,,,,,,,,,,,,,
cmapss_rul,censor_frac-0.7,cmapss:FD001,rul,SurvivalPC (exact censored lik.) [all],25.160238877336724,0.2936240062903919,17.966811303654424,0.33922854559414434,476087.655346859,94350.89432428389,11.339843271232402,0.25428399969212667,0.3528296296296296,0.02384100972811275,55.88711111111112,5.734298420065909,108.75881481481481,3.5472683792930724,0.9300740740740739,0.0209576802661916,60.88711111111112,5.734298420065909,82.096,2.434732545455709,0.1963822222222222,0.007254133942743218,15.344614028930664,0.7253550754403841,0.42988929311991325,0.016248970267909033,0.08908043083677464,0.0038419576288084086,0.11966611476240058,0.02445645266323324,0.08333333333333333,0.0,244.75084042549133,4.450151359229412,43356.0,0.0,0.5762063066164652,0.04978754647651542,3,"[0, 1, 2]",0.7,,,,,,,,,,,,,,,,,,,,,,,,,,,,,,,,
cmapss_rul,censor_frac-0.7,cmapss:FD001,rul,SurvivalPC (exact censored lik.) [last],34.56535073941779,1.2282102292704575,26.120140142440793,0.9255782244119861,34889.620900560454,7325.870898632274,20.4600472768799,1.0266173031049841,0.7433333333333333,0.025166114784235853,74.16666666666667,4.812050844840827,128.26666666666668,7.947693585772749,0.88,0.026457513110645932,79.16666666666667,4.812050844840827,120.5,6.785462401340088,0.20099999999999998,0.013076696830622032,27.419774373372395,0.8854168221753812,0.2569809075382385,0.018133598045109226,0.049868043113973505,0.0017172512918027633,0.43562702342667786,0.02105429374133018,0.08333333333333333,0.0,244.75084042549133,4.450151359229412,43356.0,0.0,0.5762063066164652,0.04978754647651542,3,"[0, 1, 2]",0.7,,,,,,,,,,,,,,,,,,,,,,,,,,,,,,,,
cmapss_rul,censor_frac-0.7,cmapss:FD001,rul,ridge regression [all],18.827889420705315,0.5965483926444449,15.131813151127284,0.5906198385383207,35678.612213309585,1465.2113152001948,,,,,,,,,,,,,,,,,,,,,,,,,,,0.004193623860677083,0.00039060977645976783,,,,,3,"[0, 1, 2]",0.7,3009.0,428.6362093897341,,,,,,,,,,,,,,,,,,,,,,,,,,,,,,
cmapss_rul,censor_frac-0.7,cmapss:FD001,rul,ridge regression [last],18.967918325498164,1.1294930358570483,14.986010010913263,0.7188787269249485,773.6212631899072,192.83429513329335,,,,,,,,,,,,,,,,,,,,,,,,,,,0.004193623860677083,0.00039060977645976783,,,,,3,"[0, 1, 2]",0.7,3009.0,428.6362093897341,,,,,,,,,,,,,,,,,,,,,,,,,,,,,,
cmapss_rul,censor_frac-0.7,cmapss:FD001,rul,MLP regressor [all],18.84947734546861,0.35257629799786494,14.84970008671946,0.36156428524101963,57807.1426794135,12749.469840703314,,,,,,,,,,,,,,,,,,,,,,,,,,,0.7946373621622721,0.03386117729074786,,,,,3,"[0, 1, 2]",0.7,3009.0,428.6362093897341,,,,,,,,,,,,,,,,,,,,,,,,,,,,,,
cmapss_rul,censor_frac-0.7,cmapss:FD001,rul,MLP regressor [last],18.540984689732195,1.322530234445944,13.893829487164815,1.4294433569656502,864.3290018485967,129.44023576194974,,,,,,,,,,,,,,,,,,,,,,,,,,,0.7946373621622721,0.03386117729074786,,,,,3,"[0, 1, 2]",0.7,3009.0,428.6362093897341,,,,,,,,,,,,,,,,,,,,,,,,,,,,,,
cmapss_rul,censor_frac-0.7,cmapss:FD001,rul,quantile reg. + conformal (CQR) [all],18.996355942186202,0.07073831173828428,14.797802006135164,0.10417445733997993,65405.7348707963,10616.480673959975,,,0.8478814814814815,0.020530318842374266,53.735312727525496,2.7647740454139647,79.30341321851942,1.356331067959155,,,,,,,,,,,,,,,,,,,0.5699963569641113,0.09001043734943986,,,,,3,"[0, 1, 2]",0.7,3009.0,428.6362093897341,,,,,,,,,,,,,,,,,,,,,,,,,,,,,,
cmapss_rul,censor_frac-0.7,cmapss:FD001,rul,quantile reg. + conformal (CQR) [last],18.37442307510317,1.1896677644457925,14.154025945663454,1.3503969008173535,845.1554382555987,138.56506451532448,,,0.8833333333333333,0.020816659994661344,49.7905135345459,1.1562527731858694,73.51782791137695,2.9521652652114687,,,,,,,,,,,,,,,,,,,0.5699963569641113,0.09001043734943986,,,,,3,"[0, 1, 2]",0.7,3009.0,428.6362093897341,,,,,,,,,,,,,,,,,,,,,,,,,,,,,,
cmapss_rul,censor_frac-0.2,cmapss:FD001,rul_partial,PC · 3 dead sensors,,,,,,,,,,,,,,,,,,,,,,,,,,,,,,,,,,,,,,,3,"[0, 1, 2]",0.2,,,3.0,0.0,11.456965011257537,0.13753867958458377,11.156874351426348,0.013073702284450742,18.449917478410583,2.272582576955585,26.20539972251179,0.22973994346022827,25.611688520049796,0.07642919899025113,38.31605352753498,3.197130920243118,0.39128888888888885,0.014866517189084104,0.9649777777777778,0.014632957896137205,0.4341333333333333,0.00030792014356779854,0.9999407407407407,0.0001026400478559649,0.5278327368181559,0.012232441839237416,0.08390631300922569,0.003216394404125554,0.04672174375655493,0.014896386797999582,0.08333333333333333,0.0
cmapss_rul,censor_frac-0.35,cmapss:FD001,rul_partial,PC · 3 dead sensors,,,,,,,,,,,,,,,,,,,,,,,,,,,,,,,,,,,,,,,3,"[0, 1, 2]",0.35,,,3.0,0.0,11.072689049921449,0.06885143928350532,10.914462972025632,0.03176269813459371,22.920981067210874,5.516744761183263,25.481748499160165,0.16835436315593832,25.05241340364583,0.05048139764635729,44.04640307004983,7.549636525843124,0.3854814814814815,0.010169655500758868,0.9592296296296295,0.010959438873022736,0.43407407407407406,0.0004105601914237314,0.9999407407407407,0.0001026400478559649,0.4975190505664436,0.01094086851524717,0.0853702680096116,0.0027352024639184904,0.021896328495359756,0.0042368672768807744,0.08333333333333333,0.0
cmapss_rul,censor_frac-0.5,cmapss:FD001,rul_partial,PC · 3 dead sensors,,,,,,,,,,,,,,,,,,,,,,,,,,,,,,,,,,,,,,,3,"[0, 1, 2]",0.5,,,3.0,0.0,10.909529706177317,0.016694494627047002,10.813943485974322,0.17100553045247094,20.272462439075493,5.067530061964348,24.987093025417806,0.07351601197525913,24.685022728416893,0.3838664681895257,40.66667895476494,6.710616498297228,0.3764740740740741,0.009374020662153757,0.9522370370370371,0.00766783673304332,0.4343111111111111,0.0,1.0,0.0,0.47401317222974676,0.004795417841686236,0.08551866548738052,0.0021043535645063277,0.04829345879375311,0.006697265742442749,0.08333333333333333,0.0
cmapss_rul,censor_frac-0.7,cmapss:FD001,rul_partial,PC · 3 dead sensors,,,,,,,,,,,,,,,,,,,,,,,,,,,,,,,,,,,,,,,3,"[0, 1, 2]",0.7,,,3.0,0.0,11.339843271232402,0.25428399969212667,11.44199444566481,0.24774376908882687,14.640710333210015,0.7494459440471392,25.160238877336724,0.2936240062903919,25.26302787163915,0.24052282854297133,32.172738712744696,1.590325197116487,0.3272888888888889,0.03987813535024355,0.9076740740740741,0.03512329840056284,0.4341925925925925,0.0002052800957118657,0.9999407407407407,0.0001026400478559649,0.41739473004738903,0.016023531221892855,0.0914763979540678,0.003745629994271932,0.13732518582593978,0.02660899718487487,0.08333333333333333,0.0
