variant,method_name,mask,score,alpha_mean,alpha_std,fpr_mean,fpr_std,power_mean,power_std,threshold_mean,threshold_std,trial_fpr_mean_mean,trial_fpr_mean_std,trial_fpr_q05_mean,trial_fpr_q05_std,trial_fpr_q95_mean,trial_fpr_q95_std,trial_fpr_exceeds_alpha_frac_mean,trial_fpr_exceeds_alpha_frac_std,trial_power_mean_mean,trial_power_mean_std,trial_infinite_threshold_frac_mean,trial_infinite_threshold_frac_std,trial_calibration_objects_mean,trial_calibration_objects_std,n_seeds,seeds,numerically_flat_frac,threshold_infinite_frac,depends_on_values_frac,depends_on_fault_frac
chow_liu_leaf6,circuit,bank0:0-1-2-4-5-7-8,conditional_max,0.1,0.0,0.11367875012499344,0.09623940880849681,0.5680168614074135,0.04400524252492279,25.294704055786134,2.3730129258840473,0.11367875012499347,0.09623940880849682,0.11367875012499344,0.09623940880849681,0.11367875012499344,0.09623940880849681,0.4,0.5477225575051662,0.5680168614074134,0.04400524252492276,0.0,0.0,10.0,0.0,5,"[21, 22, 23, 24, 25]",0.0,0.0,0.0,0.0
chow_liu_leaf6,circuit,bank0:0-1-2-4-5-7-8,independent,0.1,0.0,0.09093171017777177,0.07570751192924079,0.4707103232317986,0.09554161165006174,-29.967880249023438,23.65927963960874,0.0909317101777718,0.07570751192924083,0.09093171017777177,0.07570751192924079,0.09093171017777177,0.07570751192924079,0.6,0.5477225575051662,0.4707103232317985,0.09554161165006171,0.0,0.0,10.0,0.0,5,"[21, 22, 23, 24, 25]",0.0,0.0,0.0,0.0
chow_liu_leaf6,circuit,bank0:0-1-2-4-5-7-8,joint,0.1,0.0,0.08640032450920988,0.06555358921247413,0.52688778837819,0.0787133531809629,-41.94073295593262,14.512773330603197,0.0864003245092099,0.06555358921247413,0.08640032450920988,0.06555358921247413,0.08640032450920988,0.06555358921247413,0.2,0.447213595499958,0.52688778837819,0.07871335318096292,0.0,0.0,10.0,0.0,5,"[21, 22, 23, 24, 25]",0.0,0.0,0.0,0.0
chow_liu_leaf6,circuit,bank0:0-1-2-4-5-7-8,marginal_max,0.1,0.0,0.09855790156951466,0.08766518688084829,0.5177461242477923,0.05007441431390561,27.77779655456543,4.095348492186998,0.09855790156951465,0.0876651868808483,0.09855790156951466,0.08766518688084829,0.09855790156951466,0.08766518688084829,0.2,0.44721359549995804,0.5177461242477921,0.050074414313905566,0.0,0.0,10.0,0.0,5,"[21, 22, 23, 24, 25]",0.0,0.0,0.0,0.0
chow_liu_leaf6,circuit,bank0:0-1-2-4-5-7-8,relational_max,0.1,0.0,0.04715289828898067,0.04253210874086669,0.38492789401465893,0.04576437494113691,4.232897186279297,1.9906371785420962,0.047152898288980685,0.04253210874086671,0.04715289828898067,0.04253210874086669,0.04715289828898067,0.04253210874086669,0.2,0.44721359549995804,0.3849278940146589,0.04576437494113691,0.0,0.0,10.0,0.0,5,"[21, 22, 23, 24, 25]",0.0,0.0,0.0,0.0
chow_liu_leaf6,circuit,bank1:3,conditional_max,0.1,0.0,0.10990563863238316,0.13226697484193295,0.6913343137949003,0.04618706538801561,27.33629455566406,2.486360237634282,0.10990563863238316,0.13226697484193295,0.10990563863238316,0.13226697484193295,0.10990563863238316,0.13226697484193295,0.4,0.5477225575051662,0.6913343137949003,0.0461870653880156,0.0,0.0,10.0,0.0,5,"[21, 22, 23, 24, 25]",0.0,0.0,0.0,0.0
chow_liu_leaf6,circuit,bank1:3,independent,0.1,0.0,0.10942178366468644,0.10278328665642927,0.5206017838999439,0.1415404763269269,172.71283264160155,53.40323180057269,0.10942178366468643,0.10278328665642927,0.10942178366468644,0.10278328665642927,0.10942178366468644,0.10278328665642927,0.6,0.5477225575051662,0.5206017838999439,0.14154047632692696,0.0,0.0,10.0,0.0,5,"[21, 22, 23, 24, 25]",0.0,0.0,0.0,0.0
chow_liu_leaf6,circuit,bank1:3,joint,0.1,0.0,0.05856367916860046,0.06631102517990103,0.5751797635753728,0.08854147727381925,145.62334899902345,19.55076966812158,0.05856367916860047,0.06631102517990105,0.05856367916860046,0.06631102517990103,0.05856367916860046,0.06631102517990103,0.4,0.5477225575051662,0.5751797635753729,0.08854147727381922,0.0,0.0,10.0,0.0,5,"[21, 22, 23, 24, 25]",0.0,0.0,0.0,0.0
chow_liu_leaf6,circuit,bank1:3,marginal_max,0.1,0.0,0.11696690874230824,0.06865333401223918,0.6231375675551576,0.033543803264818414,28.880727005004882,3.01793637393322,0.11696690874230824,0.06865333401223916,0.11696690874230824,0.06865333401223918,0.11696690874230824,0.06865333401223918,0.8,0.4472135954999579,0.6231375675551576,0.033543803264818414,0.0,0.0,10.0,0.0,5,"[21, 22, 23, 24, 25]",0.0,0.0,0.0,0.0
chow_liu_leaf6,circuit,bank1:3,relational_max,0.1,0.0,0.08240843489867102,0.08377211288190982,0.5232193557851136,0.06909548636240888,4.6029863357543945,1.8677514160360218,0.082408434898671,0.08377211288190982,0.08240843489867102,0.08377211288190982,0.08240843489867102,0.08377211288190982,0.2,0.44721359549995804,0.5232193557851135,0.06909548636240886,0.0,0.0,10.0,0.0,5,"[21, 22, 23, 24, 25]",0.0,0.0,0.0,0.0
chow_liu_leaf6,circuit,bank2:6-10,conditional_max,0.1,0.0,0.11034136847987772,0.13200612637179265,0.6679169190348991,0.05024712191062468,27.391791534423827,2.560831655429387,0.1103413684798777,0.13200612637179265,0.11034136847987772,0.13200612637179265,0.11034136847987772,0.13200612637179265,0.4,0.5477225575051662,0.667916919034899,0.050247121910624706,0.0,0.0,10.0,0.0,5,"[21, 22, 23, 24, 25]",0.0,0.0,0.0,0.0
chow_liu_leaf6,circuit,bank2:6-10,independent,0.1,0.0,0.07720653329981252,0.06761587614648686,0.4790708140241703,0.08792054673570515,93.64306030273437,38.03919092453867,0.07720653329981256,0.06761587614648688,0.07720653329981252,0.06761587614648686,0.07720653329981252,0.06761587614648686,0.4,0.5477225575051662,0.4790708140241703,0.0879205467357051,0.0,0.0,10.0,0.0,5,"[21, 22, 23, 24, 25]",0.0,0.0,0.0,0.0
chow_liu_leaf6,circuit,bank2:6-10,joint,0.1,0.0,0.09072298525625229,0.07477055512705988,0.5973620601988664,0.07178270940781017,62.49898071289063,15.556486371550829,0.09072298525625228,0.07477055512705985,0.09072298525625229,0.07477055512705988,0.09072298525625229,0.07477055512705988,0.4,0.5477225575051662,0.5973620601988664,0.07178270940781022,0.0,0.0,10.0,0.0,5,"[21, 22, 23, 24, 25]",0.0,0.0,0.0,0.0
chow_liu_leaf6,circuit,bank2:6-10,marginal_max,0.1,0.0,0.11656690874230824,0.06828650803590987,0.6053072196143031,0.03360539509246549,28.880727005004882,3.01793637393322,0.11656690874230824,0.06828650803590987,0.11656690874230824,0.06828650803590987,0.11656690874230824,0.06828650803590987,0.8,0.4472135954999579,0.6053072196143032,0.033605395092465455,0.0,0.0,10.0,0.0,5,"[21, 22, 23, 24, 25]",0.0,0.0,0.0,0.0
chow_liu_leaf6,circuit,bank2:6-10,relational_max,0.1,0.0,0.06891147099501391,0.09377188152311125,0.48379432344906553,0.09205358402544457,5.517391586303711,3.244609920012893,0.06891147099501392,0.0937718815231113,0.06891147099501391,0.09377188152311125,0.06891147099501391,0.09377188152311125,0.2,0.44721359549995804,0.4837943234490655,0.09205358402544461,0.0,0.0,10.0,0.0,5,"[21, 22, 23, 24, 25]",0.0,0.0,0.0,0.0
chow_liu_leaf6,circuit,full,conditional_max,0.1,0.0,0.10990563863238316,0.13226697484193295,0.694245442911377,0.04480062438089136,27.349846649169923,2.5029101101372335,0.10990563863238316,0.13226697484193295,0.10990563863238316,0.13226697484193295,0.10990563863238316,0.13226697484193295,0.4,0.5477225575051662,0.694245442911377,0.04480062438089132,0.0,0.0,10.0,0.0,5,"[21, 22, 23, 24, 25]",0.0,0.0,0.0,0.0
chow_liu_leaf6,circuit,full,independent,0.1,0.0,0.08693805919801685,0.08719362990268767,0.5217734389167501,0.11422926971914385,99.18516387939454,50.572408009743576,0.08693805919801684,0.08719362990268766,0.08693805919801685,0.08719362990268767,0.08693805919801685,0.08719362990268767,0.4,0.5477225575051662,0.52177343891675,0.11422926971914385,0.0,0.0,10.0,0.0,5,"[21, 22, 23, 24, 25]",0.0,0.0,0.0,0.0
chow_liu_leaf6,circuit,full,joint,0.1,0.0,0.07084717346663069,0.0804851116698372,0.5982697443686966,0.0869927287854219,67.53606948852538,20.01250388640719,0.07084717346663068,0.0804851116698372,0.07084717346663069,0.0804851116698372,0.07084717346663069,0.0804851116698372,0.4,0.5477225575051662,0.5982697443686966,0.08699272878542187,0.0,0.0,10.0,0.0,5,"[21, 22, 23, 24, 25]",0.0,0.0,0.0,0.0
chow_liu_leaf6,circuit,full,marginal_max,0.1,0.0,0.11696690874230824,0.06865333401223918,0.6268619198121301,0.034329642280721086,28.880727005004882,3.01793637393322,0.11696690874230824,0.06865333401223916,0.11696690874230824,0.06865333401223918,0.11696690874230824,0.06865333401223918,0.8,0.4472135954999579,0.6268619198121301,0.03432964228072117,0.0,0.0,10.0,0.0,5,"[21, 22, 23, 24, 25]",0.0,0.0,0.0,0.0
chow_liu_leaf6,circuit,full,relational_max,0.1,0.0,0.08443423614841904,0.0893593742655982,0.5393079031538631,0.07830646215566922,4.598302841186523,1.8373351692371414,0.08443423614841902,0.08935937426559819,0.08443423614841904,0.0893593742655982,0.08443423614841904,0.0893593742655982,0.2,0.44721359549995804,0.5393079031538631,0.07830646215566918,0.0,0.0,10.0,0.0,5,"[21, 22, 23, 24, 25]",0.0,0.0,0.0,0.0
chow_liu_leaf6,circuit,random1:1,conditional_max,0.1,0.0,0.12107495009567852,0.08234215860218844,0.6963117196736054,0.020422977467342267,25.63177375793457,1.6602556534469994,0.12107495009567856,0.08234215860218846,0.12107495009567852,0.08234215860218844,0.12107495009567852,0.08234215860218844,0.8,0.4472135954999579,0.6963117196736052,0.020422977467342427,0.0,0.0,10.0,0.0,5,"[21, 22, 23, 24, 25]",0.0,0.0,0.0,0.0
chow_liu_leaf6,circuit,random1:1,independent,0.1,0.0,0.09140861818969705,0.08313674192308065,0.5195669154852572,0.11367978108687037,76.50762710571288,50.14147990611731,0.09140861818969703,0.08313674192308064,0.09140861818969705,0.08313674192308065,0.09140861818969705,0.08313674192308065,0.6,0.5477225575051662,0.5195669154852574,0.11367978108687044,0.0,0.0,10.0,0.0,5,"[21, 22, 23, 24, 25]",0.0,0.0,0.0,0.0
chow_liu_leaf6,circuit,random1:1,joint,0.1,0.0,0.07397460750712453,0.08247176454801264,0.602377855478785,0.08189230353499888,45.27927360534668,21.239360139497343,0.07397460750712453,0.08247176454801262,0.07397460750712453,0.08247176454801264,0.07397460750712453,0.08247176454801264,0.4,0.5477225575051662,0.602377855478785,0.08189230353499884,0.0,0.0,10.0,0.0,5,"[21, 22, 23, 24, 25]",0.0,0.0,0.0,0.0
chow_liu_leaf6,circuit,random1:1,marginal_max,0.1,0.0,0.10935127924320495,0.06434326232705301,0.6161577869806446,0.029275196027808346,28.224603271484376,3.4638961902174894,0.10935127924320498,0.06434326232705301,0.10935127924320495,0.06434326232705301,0.10935127924320495,0.06434326232705301,0.6,0.5477225575051662,0.6161577869806447,0.02927519602780831,0.0,0.0,10.0,0.0,5,"[21, 22, 23, 24, 25]",0.0,0.0,0.0,0.0
chow_liu_leaf6,circuit,random1:1,relational_max,0.1,0.0,0.06084576109380383,0.04273041794737489,0.5179132021768743,0.050645900236943056,4.754570770263672,1.616268064259065,0.06084576109380382,0.04273041794737488,0.06084576109380383,0.04273041794737489,0.06084576109380383,0.04273041794737489,0.2,0.44721359549995804,0.5179132021768743,0.05064590023694302,0.0,0.0,10.0,0.0,5,"[21, 22, 23, 24, 25]",0.0,0.0,0.0,0.0
chow_liu_leaf6,circuit,random3:5-8-14,conditional_max,0.1,0.0,0.11352413450493237,0.09196644889270485,0.6610797927467766,0.029799935579006835,26.96609992980957,2.8391943870043126,0.11352413450493234,0.09196644889270486,0.11352413450493237,0.09196644889270485,0.11352413450493237,0.09196644889270485,0.6,0.5477225575051662,0.6610797927467766,0.029799935579006835,0.0,0.0,10.0,0.0,5,"[21, 22, 23, 24, 25]",0.0,0.0,0.0,0.0
chow_liu_leaf6,circuit,random3:5-8-14,independent,0.1,0.0,0.06686787952035439,0.07962534030082284,0.4913377165867683,0.10072864298125687,49.33868217468262,35.218579463385424,0.06686787952035439,0.07962534030082284,0.06686787952035439,0.07962534030082284,0.06686787952035439,0.07962534030082284,0.4,0.5477225575051662,0.4913377165867683,0.10072864298125689,0.0,0.0,10.0,0.0,5,"[21, 22, 23, 24, 25]",0.0,0.0,0.0,0.0
chow_liu_leaf6,circuit,random3:5-8-14,joint,0.1,0.0,0.06969612724215322,0.08869476787214525,0.5782452256580285,0.09452717771791995,27.353775596618654,18.213233902785927,0.06969612724215322,0.08869476787214527,0.06969612724215322,0.08869476787214525,0.06969612724215322,0.08869476787214525,0.4,0.5477225575051662,0.5782452256580285,0.0945271777179199,0.0,0.0,10.0,0.0,5,"[21, 22, 23, 24, 25]",0.0,0.0,0.0,0.0
chow_liu_leaf6,circuit,random3:5-8-14,marginal_max,0.1,0.0,0.09397619184077177,0.057670851625413716,0.59114344015561,0.03904492549820993,28.549010467529296,2.710246156846055,0.09397619184077174,0.05767085162541371,0.09397619184077177,0.057670851625413716,0.09397619184077177,0.057670851625413716,0.4,0.5477225575051662,0.59114344015561,0.0390449254982099,0.0,0.0,10.0,0.0,5,"[21, 22, 23, 24, 25]",0.0,0.0,0.0,0.0
chow_liu_leaf6,circuit,random3:5-8-14,relational_max,0.1,0.0,0.047764411648329744,0.06959306896603754,0.44536111057307226,0.07243885705682612,6.157755661010742,3.038302633423826,0.04776441164832974,0.06959306896603752,0.047764411648329744,0.06959306896603754,0.047764411648329744,0.06959306896603754,0.2,0.44721359549995804,0.44536111057307226,0.07243885705682616,0.0,0.0,10.0,0.0,5,"[21, 22, 23, 24, 25]",0.0,0.0,0.0,0.0
chow_liu_leaf6,circuit,random7:3-4-8-10-11-12-14,conditional_max,0.1,0.0,0.10357184160945439,0.08342867719736305,0.5733397023519425,0.02808523512499611,26.825991821289062,2.4624585172579443,0.10357184160945439,0.08342867719736306,0.10357184160945439,0.08342867719736305,0.10357184160945439,0.08342867719736305,0.4,0.5477225575051662,0.5733397023519424,0.02808523512499614,0.0,0.0,10.0,0.0,5,"[21, 22, 23, 24, 25]",0.0,0.0,0.0,0.0
chow_liu_leaf6,circuit,random7:3-4-8-10-11-12-14,independent,0.1,0.0,0.06797068800989518,0.05322234885828176,0.42366240498850194,0.09463952988786471,132.50678100585938,25.058574976685133,0.06797068800989517,0.05322234885828176,0.06797068800989518,0.05322234885828176,0.06797068800989518,0.05322234885828176,0.2,0.44721359549995804,0.42366240498850194,0.0946395298878647,0.0,0.0,10.0,0.0,5,"[21, 22, 23, 24, 25]",0.0,0.0,0.0,0.0
chow_liu_leaf6,circuit,random7:3-4-8-10-11-12-14,joint,0.1,0.0,0.03969060355143796,0.03337603218124215,0.47454456889898156,0.0620219317424029,120.96588287353515,13.418436511438381,0.03969060355143796,0.033376032181242146,0.03969060355143796,0.03337603218124215,0.03969060355143796,0.03337603218124215,0.0,0.0,0.47454456889898167,0.06202193174240291,0.0,0.0,10.0,0.0,5,"[21, 22, 23, 24, 25]",0.0,0.0,0.0,0.0
chow_liu_leaf6,circuit,random7:3-4-8-10-11-12-14,marginal_max,0.1,0.0,0.08570061913847282,0.06012397497756222,0.5097336781998948,0.037771355555448034,28.450914001464845,2.5462132184820563,0.08570061913847282,0.06012397497756222,0.08570061913847282,0.06012397497756222,0.08570061913847282,0.06012397497756222,0.4,0.5477225575051662,0.5097336781998948,0.03777135555544801,0.0,0.0,10.0,0.0,5,"[21, 22, 23, 24, 25]",0.0,0.0,0.0,0.0
chow_liu_leaf6,circuit,random7:3-4-8-10-11-12-14,relational_max,0.1,0.0,0.03009494013711093,0.03185527695527983,0.30949109781508144,0.043620882689244765,4.740217590332032,1.760958421616565,0.03009494013711093,0.03185527695527983,0.03009494013711093,0.03185527695527983,0.03009494013711093,0.03185527695527983,0.0,0.0,0.30949109781508144,0.04362088268924473,0.0,0.0,10.0,0.0,5,"[21, 22, 23, 24, 25]",0.0,0.0,0.0,0.0
chow_liu_leaf6,circuit,single_sensor_0,conditional_max,0.1,0.0,0.045160817077655124,0.025527181279870133,0.14576690363278103,0.03685893062315223,26.82528953552246,2.8212474667116787,0.045160817077655124,0.025527181279870127,0.045160817077655124,0.025527181279870133,0.045160817077655124,0.025527181279870133,0.0,0.0,0.14576690363278103,0.036858930623152236,0.0,0.0,10.0,0.0,5,"[21, 22, 23, 24, 25]",0.0,0.0,0.0,0.0
chow_liu_leaf6,circuit,single_sensor_0,independent,0.1,0.0,0.045160817077655124,0.025527181279870133,0.14576690363278103,0.03685893062315223,26.82528953552246,2.8212474667116787,0.045160817077655124,0.025527181279870127,0.045160817077655124,0.025527181279870133,0.045160817077655124,0.025527181279870133,0.0,0.0,0.14576690363278103,0.036858930623152236,0.0,0.0,10.0,0.0,5,"[21, 22, 23, 24, 25]",0.0,0.0,0.0,0.0
chow_liu_leaf6,circuit,single_sensor_0,joint,0.1,0.0,0.045160817077655124,0.025527181279870133,0.14576690363278103,0.03685893062315223,26.82528953552246,2.8212474667116787,0.045160817077655124,0.025527181279870127,0.045160817077655124,0.025527181279870133,0.045160817077655124,0.025527181279870133,0.0,0.0,0.14576690363278103,0.036858930623152236,0.0,0.0,10.0,0.0,5,"[21, 22, 23, 24, 25]",0.0,0.0,0.0,0.0
chow_liu_leaf6,circuit,single_sensor_0,marginal_max,0.1,0.0,0.045160817077655124,0.025527181279870133,0.14576690363278103,0.03685893062315223,26.82528953552246,2.8212474667116787,0.045160817077655124,0.025527181279870127,0.045160817077655124,0.025527181279870133,0.045160817077655124,0.025527181279870133,0.0,0.0,0.14576690363278103,0.036858930623152236,0.0,0.0,10.0,0.0,5,"[21, 22, 23, 24, 25]",0.0,0.0,0.0,0.0
chow_liu_leaf6,circuit,single_sensor_0,relational_max,0.1,0.0,0.0,0.0,0.0,0.0,0.0,0.0,0.0,0.0,0.0,0.0,0.0,0.0,0.0,0.0,0.0,0.0,0.0,0.0,10.0,0.0,5,"[21, 22, 23, 24, 25]",1.0,0.0,0.0,0.0
chow_liu_leaf6,gaussian_fitted,bank0:0-1-2-4-5-7-8,conditional_max,0.1,0.0,0.05570936850590872,0.05756300873965886,0.4128871925665244,0.1196371510496207,62.541787818846544,21.460542372165122,0.05570936850590872,0.05756300873965885,0.05570936850590872,0.05756300873965886,0.05570936850590872,0.05756300873965886,0.4,0.5477225575051662,0.4128871925665244,0.11963715104962065,0.0,0.0,10.0,0.0,5,"[21, 22, 23, 24, 25]",0.0,0.0,0.0,0.0
chow_liu_leaf6,gaussian_fitted,bank0:0-1-2-4-5-7-8,independent,0.1,0.0,0.11764224307584863,0.16605573647386676,0.3771918147537251,0.1853274899745021,127.61893185531578,25.30780450781446,0.11764224307584858,0.16605573647386673,0.11764224307584863,0.16605573647386676,0.11764224307584863,0.16605573647386676,0.4,0.5477225575051662,0.37719181475372504,0.1853274899745021,0.0,0.0,10.0,0.0,5,"[21, 22, 23, 24, 25]",0.0,0.0,0.0,0.0
chow_liu_leaf6,gaussian_fitted,bank0:0-1-2-4-5-7-8,joint,0.1,0.0,0.10076196289267159,0.13078434217493398,0.4854127959620917,0.1408511665928721,121.44500425051956,23.376153350719044,0.10076196289267159,0.13078434217493395,0.10076196289267159,0.13078434217493398,0.10076196289267159,0.13078434217493398,0.4,0.5477225575051662,0.4854127959620918,0.14085116659287214,0.0,0.0,10.0,0.0,5,"[21, 22, 23, 24, 25]",0.0,0.0,0.0,0.0
chow_liu_leaf6,gaussian_fitted,bank0:0-1-2-4-5-7-8,marginal_max,0.1,0.0,0.054091568280636215,0.05381110223950202,0.26125740257743646,0.1097250635478653,60.79302507361071,19.318343515642326,0.05409156828063623,0.05381110223950203,0.054091568280636215,0.05381110223950202,0.054091568280636215,0.05381110223950202,0.4,0.5477225575051662,0.2612574025774364,0.10972506354786532,0.0,0.0,10.0,0.0,5,"[21, 22, 23, 24, 25]",0.0,0.0,0.0,0.0
chow_liu_leaf6,gaussian_fitted,bank0:0-1-2-4-5-7-8,relational_max,0.1,0.0,0.04524238086036887,0.04797698096233016,0.5017338571553678,0.0667011084933636,4.326546114031508,1.8752855720047477,0.04524238086036888,0.04797698096233016,0.04524238086036887,0.04797698096233016,0.04524238086036887,0.04797698096233016,0.2,0.44721359549995804,0.501733857155368,0.0667011084933636,0.0,0.0,10.0,0.0,5,"[21, 22, 23, 24, 25]",0.0,0.0,0.0,0.0
chow_liu_leaf6,gaussian_fitted,bank1:3,conditional_max,0.1,0.0,0.1711161324524209,0.1352394792517278,0.735927907767587,0.03751108672814273,27.56663911423997,2.538299612334466,0.17111613245242088,0.13523947925172777,0.1711161324524209,0.1352394792517278,0.1711161324524209,0.1352394792517278,0.6,0.5477225575051662,0.735927907767587,0.037511086728142747,0.0,0.0,10.0,0.0,5,"[21, 22, 23, 24, 25]",0.0,0.0,0.0,0.0
chow_liu_leaf6,gaussian_fitted,bank1:3,independent,0.1,0.0,0.12149974174693975,0.14146509489078032,0.5907307280680463,0.07474818439605313,184.3118072803679,9.030996866103484,0.12149974174693974,0.14146509489078032,0.12149974174693975,0.14146509489078032,0.12149974174693975,0.14146509489078032,0.4,0.5477225575051662,0.5907307280680463,0.074748184396053,0.0,0.0,10.0,0.0,5,"[21, 22, 23, 24, 25]",0.0,0.0,0.0,0.0
chow_liu_leaf6,gaussian_fitted,bank1:3,joint,0.1,0.0,0.09718226702030278,0.13245159602146905,0.6733326459934593,0.05559830910771534,175.46968246994504,9.933712724027437,0.09718226702030278,0.13245159602146905,0.09718226702030278,0.13245159602146905,0.09718226702030278,0.13245159602146905,0.2,0.44721359549995804,0.6733326459934594,0.05559830910771539,0.0,0.0,10.0,0.0,5,"[21, 22, 23, 24, 25]",0.0,0.0,0.0,0.0
chow_liu_leaf6,gaussian_fitted,bank1:3,marginal_max,0.1,0.0,0.1500121554915786,0.12677847229010691,0.6352616075845308,0.04455271707021959,27.65258191539789,2.134426073855957,0.1500121554915786,0.12677847229010694,0.1500121554915786,0.12677847229010691,0.1500121554915786,0.12677847229010691,0.6,0.5477225575051662,0.6352616075845308,0.04455271707021958,0.0,0.0,10.0,0.0,5,"[21, 22, 23, 24, 25]",0.0,0.0,0.0,0.0
chow_liu_leaf6,gaussian_fitted,bank1:3,relational_max,0.1,0.0,0.11116622720282052,0.1264218556363764,0.6618275566700313,0.08572460983546293,4.855882776457371,2.3827861237141694,0.11116622720282052,0.1264218556363764,0.11116622720282052,0.1264218556363764,0.11116622720282052,0.1264218556363764,0.4,0.5477225575051662,0.6618275566700313,0.08572460983546304,0.0,0.0,10.0,0.0,5,"[21, 22, 23, 24, 25]",0.0,0.0,0.0,0.0
chow_liu_leaf6,gaussian_fitted,bank2:6-10,conditional_max,0.1,0.0,0.04712981179800977,0.04670374593960709,0.46737293548920367,0.11844117440610602,65.66965213128114,21.854611883239922,0.047129811798009756,0.046703745939607084,0.04712981179800977,0.04670374593960709,0.04712981179800977,0.04670374593960709,0.0,0.0,0.46737293548920367,0.118441174406106,0.0,0.0,10.0,0.0,5,"[21, 22, 23, 24, 25]",0.0,0.0,0.0,0.0
chow_liu_leaf6,gaussian_fitted,bank2:6-10,independent,0.1,0.0,0.07501704755265391,0.08837237127577624,0.41762216469583074,0.14461873827382202,236.20100788139416,22.109049701784002,0.07501704755265393,0.08837237127577628,0.07501704755265391,0.08837237127577624,0.07501704755265391,0.08837237127577624,0.2,0.447213595499958,0.41762216469583063,0.144618738273822,0.0,0.0,10.0,0.0,5,"[21, 22, 23, 24, 25]",0.0,0.0,0.0,0.0
chow_liu_leaf6,gaussian_fitted,bank2:6-10,joint,0.1,0.0,0.0657763493843313,0.07205147813781167,0.5572143272693626,0.08601017956308274,224.96906183575092,16.890455170790702,0.06577634938433129,0.07205147813781165,0.0657763493843313,0.07205147813781167,0.0657763493843313,0.07205147813781167,0.2,0.447213595499958,0.5572143272693626,0.08601017956308275,0.0,0.0,10.0,0.0,5,"[21, 22, 23, 24, 25]",0.0,0.0,0.0,0.0
chow_liu_leaf6,gaussian_fitted,bank2:6-10,marginal_max,0.1,0.0,0.054091568280636215,0.05381110223950202,0.22030781891563192,0.1509933241367595,60.79302507361071,19.318343515642326,0.05409156828063623,0.05381110223950203,0.054091568280636215,0.05381110223950202,0.054091568280636215,0.05381110223950202,0.4,0.5477225575051662,0.22030781891563192,0.15099332413675948,0.0,0.0,10.0,0.0,5,"[21, 22, 23, 24, 25]",0.0,0.0,0.0,0.0
chow_liu_leaf6,gaussian_fitted,bank2:6-10,relational_max,0.1,0.0,0.03851441648537439,0.038951693146445664,0.5473881206309745,0.07381316210955474,6.457997263676606,2.4586574429654164,0.03851441648537439,0.038951693146445664,0.03851441648537439,0.038951693146445664,0.03851441648537439,0.038951693146445664,0.0,0.0,0.5473881206309744,0.07381316210955464,0.0,0.0,10.0,0.0,5,"[21, 22, 23, 24, 25]",0.0,0.0,0.0,0.0
chow_liu_leaf6,gaussian_fitted,full,conditional_max,0.1,0.0,0.05105138042546074,0.05168953438673633,0.5352914499409677,0.10417633186390876,65.98369837631049,22.207046593146778,0.051051380425460736,0.05168953438673632,0.05105138042546074,0.05168953438673633,0.05105138042546074,0.05168953438673633,0.2,0.44721359549995804,0.5352914499409678,0.10417633186390876,0.0,0.0,10.0,0.0,5,"[21, 22, 23, 24, 25]",0.0,0.0,0.0,0.0
chow_liu_leaf6,gaussian_fitted,full,independent,0.1,0.0,0.07797432142016822,0.08593014194305275,0.48393366968794577,0.11984083483990446,229.33453848367589,22.226298447153127,0.07797432142016823,0.08593014194305279,0.07797432142016822,0.08593014194305275,0.07797432142016822,0.08593014194305275,0.2,0.447213595499958,0.4839336696879458,0.11984083483990449,0.0,0.0,10.0,0.0,5,"[21, 22, 23, 24, 25]",0.0,0.0,0.0,0.0
chow_liu_leaf6,gaussian_fitted,full,joint,0.1,0.0,0.0634320048807185,0.06372593765941723,0.6154732991300944,0.07636741146926773,215.9769131455402,15.277495320596639,0.0634320048807185,0.06372593765941723,0.0634320048807185,0.06372593765941723,0.0634320048807185,0.06372593765941723,0.2,0.447213595499958,0.6154732991300945,0.07636741146926772,0.0,0.0,10.0,0.0,5,"[21, 22, 23, 24, 25]",0.0,0.0,0.0,0.0
chow_liu_leaf6,gaussian_fitted,full,marginal_max,0.1,0.0,0.054091568280636215,0.05381110223950202,0.3303851517616384,0.143697338114261,60.79302507361071,19.318343515642326,0.05409156828063623,0.05381110223950203,0.054091568280636215,0.05381110223950202,0.054091568280636215,0.05381110223950202,0.4,0.5477225575051662,0.3303851517616384,0.14369733811426103,0.0,0.0,10.0,0.0,5,"[21, 22, 23, 24, 25]",0.0,0.0,0.0,0.0
chow_liu_leaf6,gaussian_fitted,full,relational_max,0.1,0.0,0.06427548455882806,0.060607887946989146,0.6262962918127865,0.08080326605347236,6.564882066312913,2.90910769717083,0.06427548455882806,0.06060788794698915,0.06427548455882806,0.060607887946989146,0.06427548455882806,0.060607887946989146,0.4,0.5477225575051662,0.6262962918127865,0.08080326605347228,0.0,0.0,10.0,0.0,5,"[21, 22, 23, 24, 25]",0.0,0.0,0.0,0.0
chow_liu_leaf6,gaussian_fitted,random1:1,conditional_max,0.1,0.0,0.054826211365349285,0.057029654457413016,0.5388814453693614,0.10998213397743399,65.09032083480932,22.584242962581815,0.0548262113653493,0.05702965445741302,0.054826211365349285,0.057029654457413016,0.054826211365349285,0.057029654457413016,0.4,0.5477225575051662,0.5388814453693614,0.10998213397743405,0.0,0.0,10.0,0.0,5,"[21, 22, 23, 24, 25]",0.0,0.0,0.0,0.0
chow_liu_leaf6,gaussian_fitted,random1:1,independent,0.1,0.0,0.09452980959869665,0.13756525492570595,0.48744693180391296,0.14445038067717214,206.3359317571626,22.693621513451763,0.09452980959869664,0.13756525492570593,0.09452980959869665,0.13756525492570595,0.09452980959869665,0.13756525492570595,0.2,0.447213595499958,0.48744693180391296,0.1444503806771722,0.0,0.0,10.0,0.0,5,"[21, 22, 23, 24, 25]",0.0,0.0,0.0,0.0
chow_liu_leaf6,gaussian_fitted,random1:1,joint,0.1,0.0,0.0816306597298881,0.09468273769899256,0.6243628399853434,0.08779488137047212,191.8453231130483,17.127962209631235,0.0816306597298881,0.09468273769899256,0.0816306597298881,0.09468273769899256,0.0816306597298881,0.09468273769899256,0.4,0.5477225575051662,0.6243628399853433,0.0877948813704721,0.0,0.0,10.0,0.0,5,"[21, 22, 23, 24, 25]",0.0,0.0,0.0,0.0
chow_liu_leaf6,gaussian_fitted,random1:1,marginal_max,0.1,0.0,0.054091568280636215,0.05381110223950202,0.3303851517616384,0.143697338114261,60.79302507361071,19.318343515642326,0.05409156828063623,0.05381110223950203,0.054091568280636215,0.05381110223950202,0.054091568280636215,0.05381110223950202,0.4,0.5477225575051662,0.3303851517616384,0.14369733811426103,0.0,0.0,10.0,0.0,5,"[21, 22, 23, 24, 25]",0.0,0.0,0.0,0.0
chow_liu_leaf6,gaussian_fitted,random1:1,relational_max,0.1,0.0,0.07741585475156161,0.07078152132307905,0.6268678467057304,0.09113705463686268,6.227973970048133,3.074117426430682,0.07741585475156161,0.07078152132307905,0.07741585475156161,0.07078152132307905,0.07741585475156161,0.07078152132307905,0.6,0.5477225575051662,0.6268678467057303,0.09113705463686264,0.0,0.0,10.0,0.0,5,"[21, 22, 23, 24, 25]",0.0,0.0,0.0,0.0
chow_liu_leaf6,gaussian_fitted,random3:5-8-14,conditional_max,0.1,0.0,0.04388073753361052,0.04253473487782288,0.4763408213678778,0.10954987461217401,64.12516382550983,19.8036609559395,0.04388073753361052,0.04253473487782288,0.04388073753361052,0.04253473487782288,0.04388073753361052,0.04253473487782288,0.0,0.0,0.4763408213678778,0.10954987461217404,0.0,0.0,10.0,0.0,5,"[21, 22, 23, 24, 25]",0.0,0.0,0.0,0.0
chow_liu_leaf6,gaussian_fitted,random3:5-8-14,independent,0.1,0.0,0.08614827455117884,0.1152427275225208,0.4296758243559461,0.15343904713894077,192.45735762195457,25.754375542009257,0.08614827455117882,0.11524272752252077,0.08614827455117884,0.1152427275225208,0.08614827455117884,0.1152427275225208,0.2,0.447213595499958,0.4296758243559461,0.15343904713894077,0.0,0.0,10.0,0.0,5,"[21, 22, 23, 24, 25]",0.0,0.0,0.0,0.0
chow_liu_leaf6,gaussian_fitted,random3:5-8-14,joint,0.1,0.0,0.053185239515469565,0.05303380684805109,0.5530330059590037,0.08171232505594034,184.11436806242662,18.098918796250956,0.053185239515469565,0.053033806848051084,0.053185239515469565,0.05303380684805109,0.053185239515469565,0.05303380684805109,0.2,0.447213595499958,0.5530330059590038,0.08171232505594035,0.0,0.0,10.0,0.0,5,"[21, 22, 23, 24, 25]",0.0,0.0,0.0,0.0
chow_liu_leaf6,gaussian_fitted,random3:5-8-14,marginal_max,0.1,0.0,0.054091568280636215,0.05381110223950202,0.28826760445766875,0.12912866555529637,60.79302507361071,19.318343515642326,0.05409156828063623,0.05381110223950203,0.054091568280636215,0.05381110223950202,0.054091568280636215,0.05381110223950202,0.4,0.5477225575051662,0.2882676044576687,0.12912866555529637,0.0,0.0,10.0,0.0,5,"[21, 22, 23, 24, 25]",0.0,0.0,0.0,0.0
chow_liu_leaf6,gaussian_fitted,random3:5-8-14,relational_max,0.1,0.0,0.07583227491993957,0.05767648210833133,0.6022947548065182,0.0688364610774159,4.804270517069591,2.0712351690116373,0.07583227491993957,0.05767648210833134,0.07583227491993957,0.05767648210833133,0.07583227491993957,0.05767648210833133,0.4,0.5477225575051662,0.6022947548065183,0.06883646107741594,0.0,0.0,10.0,0.0,5,"[21, 22, 23, 24, 25]",0.0,0.0,0.0,0.0
chow_liu_leaf6,gaussian_fitted,random7:3-4-8-10-11-12-14,conditional_max,0.1,0.0,0.11066955257161641,0.09579883491431078,0.5894391459790719,0.03683106176691275,26.710003820401717,2.2258799085414878,0.11066955257161644,0.09579883491431078,0.11066955257161641,0.09579883491431078,0.11066955257161641,0.09579883491431078,0.6,0.5477225575051662,0.5894391459790718,0.036831061766912594,0.0,0.0,10.0,0.0,5,"[21, 22, 23, 24, 25]",0.0,0.0,0.0,0.0
chow_liu_leaf6,gaussian_fitted,random7:3-4-8-10-11-12-14,independent,0.1,0.0,0.07577601714893621,0.04471820096096062,0.46651239383115845,0.02775253986127794,103.58788522721584,4.552151944597173,0.07577601714893621,0.044718200960960616,0.07577601714893621,0.04471820096096062,0.07577601714893621,0.04471820096096062,0.2,0.44721359549995804,0.46651239383115845,0.027752539861278007,0.0,0.0,10.0,0.0,5,"[21, 22, 23, 24, 25]",0.0,0.0,0.0,0.0
chow_liu_leaf6,gaussian_fitted,random7:3-4-8-10-11-12-14,joint,0.1,0.0,0.06951009244244717,0.03546996555035245,0.5601971820409161,0.0131699028660114,97.00869024703904,4.429786564321781,0.06951009244244717,0.03546996555035245,0.06951009244244717,0.03546996555035245,0.06951009244244717,0.03546996555035245,0.2,0.44721359549995804,0.5601971820409161,0.013169902866011428,0.0,0.0,10.0,0.0,5,"[21, 22, 23, 24, 25]",0.0,0.0,0.0,0.0
chow_liu_leaf6,gaussian_fitted,random7:3-4-8-10-11-12-14,marginal_max,0.1,0.0,0.0938959024689341,0.07544916241655766,0.5053431156251792,0.039361219218795034,27.65258191539789,2.134426073855957,0.09389590246893409,0.07544916241655766,0.0938959024689341,0.07544916241655766,0.0938959024689341,0.07544916241655766,0.6,0.5477225575051662,0.5053431156251792,0.03936121921879514,0.0,0.0,10.0,0.0,5,"[21, 22, 23, 24, 25]",0.0,0.0,0.0,0.0
chow_liu_leaf6,gaussian_fitted,random7:3-4-8-10-11-12-14,relational_max,0.1,0.0,0.062236183809064184,0.02820406153851549,0.537397722567945,0.03476238474295111,2.782566973838769,0.3334040391095639,0.062236183809064184,0.028204061538515495,0.062236183809064184,0.02820406153851549,0.062236183809064184,0.02820406153851549,0.0,0.0,0.537397722567945,0.03476238474295107,0.0,0.0,10.0,0.0,5,"[21, 22, 23, 24, 25]",0.0,0.0,0.0,0.0
chow_liu_leaf6,gaussian_fitted,single_sensor_0,conditional_max,0.1,0.0,0.052612890564387046,0.03036534805005673,0.15425296286926668,0.020690428116555585,25.02621216012775,0.7051945856071706,0.052612890564387046,0.03036534805005673,0.052612890564387046,0.03036534805005673,0.052612890564387046,0.03036534805005673,0.0,0.0,0.15425296286926668,0.02069042811655558,0.0,0.0,10.0,0.0,5,"[21, 22, 23, 24, 25]",0.0,0.0,0.0,0.0
chow_liu_leaf6,gaussian_fitted,single_sensor_0,independent,0.1,0.0,0.052612890564387046,0.03036534805005673,0.15425296286926668,0.020690428116555585,25.02621216012775,0.7051945856071706,0.052612890564387046,0.03036534805005673,0.052612890564387046,0.03036534805005673,0.052612890564387046,0.03036534805005673,0.0,0.0,0.15425296286926668,0.02069042811655558,0.0,0.0,10.0,0.0,5,"[21, 22, 23, 24, 25]",0.0,0.0,0.0,0.0
chow_liu_leaf6,gaussian_fitted,single_sensor_0,joint,0.1,0.0,0.052612890564387046,0.03036534805005673,0.15425296286926668,0.020690428116555585,25.02621216012775,0.7051945856071706,0.052612890564387046,0.03036534805005673,0.052612890564387046,0.03036534805005673,0.052612890564387046,0.03036534805005673,0.0,0.0,0.15425296286926668,0.02069042811655558,0.0,0.0,10.0,0.0,5,"[21, 22, 23, 24, 25]",0.0,0.0,0.0,0.0
chow_liu_leaf6,gaussian_fitted,single_sensor_0,marginal_max,0.1,0.0,0.052612890564387046,0.03036534805005673,0.15425296286926668,0.020690428116555585,25.02621216012775,0.7051945856071706,0.052612890564387046,0.03036534805005673,0.052612890564387046,0.03036534805005673,0.052612890564387046,0.03036534805005673,0.0,0.0,0.15425296286926668,0.02069042811655558,0.0,0.0,10.0,0.0,5,"[21, 22, 23, 24, 25]",0.0,0.0,0.0,0.0
chow_liu_leaf6,gaussian_fitted,single_sensor_0,relational_max,0.1,0.0,0.0,0.0,0.0,0.0,0.0,0.0,0.0,0.0,0.0,0.0,0.0,0.0,0.0,0.0,0.0,0.0,0.0,0.0,10.0,0.0,5,"[21, 22, 23, 24, 25]",1.0,0.0,0.0,0.0
chow_liu_leaf6,gmm_impute,bank0:0-1-2-4-5-7-8,detector,0.1,0.0,0.09127480938738634,0.08481416845471872,0.40069267739642045,0.10585332944140145,329.21893310546875,84.60092015701892,0.09127480938738636,0.08481416845471872,0.09127480938738634,0.08481416845471872,0.09127480938738634,0.08481416845471872,0.2,0.447213595499958,0.4006926773964204,0.10585332944140148,0.0,0.0,10.0,0.0,5,"[21, 22, 23, 24, 25]",0.0,0.0,,
chow_liu_leaf6,gmm_impute,bank1:3,detector,0.1,0.0,0.17493963177645044,0.0885639595503621,0.6958418921760604,0.04632562441356042,322.2718078613281,49.910457810122125,0.1749396317764504,0.08856395955036211,0.17493963177645044,0.0885639595503621,0.17493963177645044,0.0885639595503621,0.8,0.4472135954999579,0.6958418921760604,0.04632562441356045,0.0,0.0,10.0,0.0,5,"[21, 22, 23, 24, 25]",0.0,0.0,,
chow_liu_leaf6,gmm_impute,bank2:6-10,detector,0.1,0.0,0.1599847219306187,0.13804136644229134,0.5876514672821184,0.1284221211208744,290.36041564941405,50.6426835716266,0.15998472193061872,0.13804136644229134,0.1599847219306187,0.13804136644229134,0.1599847219306187,0.13804136644229134,0.6,0.5477225575051662,0.5876514672821183,0.12842212112087445,0.0,0.0,10.0,0.0,5,"[21, 22, 23, 24, 25]",0.0,0.0,,
chow_liu_leaf6,gmm_impute,full,detector,0.1,0.0,0.10898295648226923,0.05796403072408722,0.6202711950942196,0.08233839394771308,332.5517272949219,62.53833412540583,0.10898295648226926,0.05796403072408725,0.10898295648226923,0.05796403072408722,0.10898295648226923,0.05796403072408722,0.6,0.5477225575051662,0.6202711950942196,0.0823383939477131,0.0,0.0,10.0,0.0,5,"[21, 22, 23, 24, 25]",0.0,0.0,,
chow_liu_leaf6,gmm_impute,random1:1,detector,0.1,0.0,0.1142904944800085,0.0725674220170715,0.6167951855862901,0.08301311543853011,323.63854064941404,63.106531092497086,0.1142904944800085,0.07256742201707149,0.1142904944800085,0.0725674220170715,0.1142904944800085,0.0725674220170715,0.6,0.5477225575051662,0.6167951855862902,0.08301311543853011,0.0,0.0,10.0,0.0,5,"[21, 22, 23, 24, 25]",0.0,0.0,,
chow_liu_leaf6,gmm_impute,random3:5-8-14,detector,0.1,0.0,0.08230944442141089,0.1088252804690482,0.4783630684875506,0.10433578414123289,408.77900390625,50.10600276157754,0.0823094444214109,0.10882528046904823,0.08230944442141089,0.1088252804690482,0.08230944442141089,0.1088252804690482,0.2,0.447213595499958,0.4783630684875505,0.10433578414123282,0.0,0.0,10.0,0.0,5,"[21, 22, 23, 24, 25]",0.0,0.0,,
chow_liu_leaf6,gmm_impute,random7:3-4-8-10-11-12-14,detector,0.1,0.0,0.08135166018533926,0.06708161906613909,0.36578945898462456,0.09994568101869594,493.5828369140625,63.798086676491145,0.08135166018533925,0.06708161906613909,0.08135166018533926,0.06708161906613909,0.08135166018533926,0.06708161906613909,0.4,0.5477225575051662,0.36578945898462456,0.09994568101869594,0.0,0.0,10.0,0.0,5,"[21, 22, 23, 24, 25]",0.0,0.0,,
chow_liu_leaf6,gmm_impute,single_sensor_0,detector,0.1,0.0,0.04659093825995504,0.07003992095647558,0.12464420908728886,0.081916364115372,42.06849365234375,8.176550142362059,0.04659093825995505,0.0700399209564756,0.04659093825995504,0.07003992095647558,0.04659093825995504,0.07003992095647558,0.2,0.44721359549995804,0.12464420908728886,0.081916364115372,0.0,0.0,10.0,0.0,5,"[21, 22, 23, 24, 25]",0.0,0.0,,
chow_liu_leaf6,gmm_refit,bank0:0-1-2-4-5-7-8,detector,0.1,0.0,0.09296401581853747,0.048322799696449044,0.38128485007229157,0.173150573687499,237.44969177246094,228.23872259234196,0.09296401581853748,0.048322799696449044,0.09296401581853747,0.048322799696449044,0.09296401581853747,0.048322799696449044,0.6,0.5477225575051662,0.3812848500722916,0.173150573687499,0.0,0.0,10.0,0.0,5,"[21, 22, 23, 24, 25]",0.0,0.0,,
chow_liu_leaf6,gmm_refit,bank1:3,detector,0.1,0.0,0.1058198033580057,0.06234094488496296,0.6458726919392973,0.043539051786555365,298.00530395507815,28.819852233647737,0.1058198033580057,0.06234094488496296,0.1058198033580057,0.06234094488496296,0.1058198033580057,0.06234094488496296,0.4,0.5477225575051662,0.6458726919392973,0.043539051786555365,0.0,0.0,10.0,0.0,5,"[21, 22, 23, 24, 25]",0.0,0.0,,
chow_liu_leaf6,gmm_refit,bank2:6-10,detector,0.1,0.0,0.14516154499547496,0.07345401094639417,0.5324389274725099,0.1297083470974111,325.68201904296876,70.8602020100953,0.14516154499547493,0.07345401094639417,0.14516154499547496,0.07345401094639417,0.14516154499547496,0.07345401094639417,0.6,0.5477225575051662,0.53243892747251,0.12970834709741116,0.0,0.0,10.0,0.0,5,"[21, 22, 23, 24, 25]",0.0,0.0,,
chow_liu_leaf6,gmm_refit,full,detector,0.1,0.0,0.10898295648226923,0.05796403072408722,0.6202711950942196,0.08233839394771308,332.5517272949219,62.53833412540583,0.10898295648226926,0.05796403072408725,0.10898295648226923,0.05796403072408722,0.10898295648226923,0.05796403072408722,0.6,0.5477225575051662,0.6202711950942196,0.0823383939477131,0.0,0.0,10.0,0.0,5,"[21, 22, 23, 24, 25]",0.0,0.0,,
chow_liu_leaf6,gmm_refit,random1:1,detector,0.1,0.0,0.10661067972477441,0.09156347948743145,0.6067577936021629,0.05497170311011558,292.7786163330078,46.50812039235242,0.10661067972477441,0.09156347948743147,0.10661067972477441,0.09156347948743145,0.10661067972477441,0.09156347948743145,0.4,0.5477225575051662,0.6067577936021626,0.0549717031101156,0.0,0.0,10.0,0.0,5,"[21, 22, 23, 24, 25]",0.0,0.0,,
chow_liu_leaf6,gmm_refit,random3:5-8-14,detector,0.1,0.0,0.057384318679986765,0.05054677238746339,0.4192154031761671,0.09833049062076642,308.49696350097656,66.33950642427476,0.057384318679986765,0.05054677238746338,0.057384318679986765,0.05054677238746339,0.057384318679986765,0.05054677238746339,0.2,0.447213595499958,0.4192154031761671,0.09833049062076642,0.0,0.0,10.0,0.0,5,"[21, 22, 23, 24, 25]",0.0,0.0,,
chow_liu_leaf6,gmm_refit,random7:3-4-8-10-11-12-14,detector,0.1,0.0,0.08498513279366811,0.044501082445354966,0.548228097294323,0.03704190425965284,123.27472381591797,6.44621703939626,0.08498513279366814,0.04450108244535498,0.08498513279366811,0.044501082445354966,0.08498513279366811,0.044501082445354966,0.4,0.5477225575051662,0.548228097294323,0.037041904259652814,0.0,0.0,10.0,0.0,5,"[21, 22, 23, 24, 25]",0.0,0.0,,
chow_liu_leaf6,gmm_refit,single_sensor_0,detector,0.1,0.0,0.03920515305487701,0.02076181904863404,0.14140283670718193,0.023132737121095693,26.65293083190918,1.1137088623365807,0.039205153054877005,0.02076181904863404,0.03920515305487701,0.02076181904863404,0.03920515305487701,0.02076181904863404,0.0,0.0,0.1414028367071819,0.02313273712109569,0.0,0.0,10.0,0.0,5,"[21, 22, 23, 24, 25]",0.0,0.0,,
chow_liu_leaf6,knn_impute,bank0:0-1-2-4-5-7-8,detector,0.1,0.0,0.04800582117095055,0.05560017162904503,0.21251101806324862,0.16265289157878673,11.745812606811523,1.2521404179294475,0.04800582117095055,0.05560017162904502,0.04800582117095055,0.05560017162904503,0.04800582117095055,0.05560017162904503,0.2,0.447213595499958,0.21251101806324862,0.16265289157878668,0.0,0.0,10.0,0.0,5,"[21, 22, 23, 24, 25]",0.0,0.0,,
chow_liu_leaf6,knn_impute,bank1:3,detector,0.1,0.0,0.05511741289003976,0.057157208565993795,0.5942524908534054,0.054764678083447385,10.494676208496093,0.254271476831756,0.05511741289003976,0.05715720856599381,0.05511741289003976,0.057157208565993795,0.05511741289003976,0.057157208565993795,0.2,0.44721359549995804,0.5942524908534055,0.05476467808344734,0.0,0.0,10.0,0.0,5,"[21, 22, 23, 24, 25]",0.0,0.0,,
chow_liu_leaf6,knn_impute,bank2:6-10,detector,0.1,0.0,0.09028625321755279,0.10857425591956794,0.46299416097576723,0.16388119545184535,11.437223625183105,0.9825234091852835,0.09028625321755276,0.10857425591956792,0.09028625321755279,0.10857425591956794,0.09028625321755279,0.10857425591956794,0.4,0.5477225575051662,0.46299416097576707,0.16388119545184532,0.0,0.0,10.0,0.0,5,"[21, 22, 23, 24, 25]",0.0,0.0,,
chow_liu_leaf6,knn_impute,full,detector,0.1,0.0,0.0704737562129085,0.08225155816824307,0.4594568124347053,0.16500519598139365,11.660604095458984,1.0738725739197463,0.0704737562129085,0.08225155816824309,0.0704737562129085,0.08225155816824307,0.0704737562129085,0.08225155816824307,0.4,0.5477225575051662,0.4594568124347053,0.16500519598139363,0.0,0.0,10.0,0.0,5,"[21, 22, 23, 24, 25]",0.0,0.0,,
chow_liu_leaf6,knn_impute,random1:1,detector,0.1,0.0,0.07527399876572614,0.09666499242605432,0.4497814952588725,0.16683719386401907,11.437935256958008,1.1508214343728782,0.07527399876572614,0.09666499242605432,0.07527399876572614,0.09666499242605432,0.07527399876572614,0.09666499242605432,0.2,0.447213595499958,0.4497814952588725,0.16683719386401907,0.0,0.0,10.0,0.0,5,"[21, 22, 23, 24, 25]",0.0,0.0,,
chow_liu_leaf6,knn_impute,random3:5-8-14,detector,0.1,0.0,0.07498411842165206,0.09209359215417695,0.3821751471240115,0.18952238037976957,11.81961612701416,1.1587555328992594,0.07498411842165206,0.09209359215417696,0.07498411842165206,0.09209359215417695,0.07498411842165206,0.09209359215417695,0.4,0.5477225575051662,0.3821751471240116,0.18952238037976957,0.0,0.0,10.0,0.0,5,"[21, 22, 23, 24, 25]",0.0,0.0,,
chow_liu_leaf6,knn_impute,random7:3-4-8-10-11-12-14,detector,0.1,0.0,0.07588051073320357,0.10625003649067186,0.377808642635024,0.12255205588125351,10.404079246520997,0.45172117857254673,0.07588051073320357,0.10625003649067186,0.07588051073320357,0.10625003649067186,0.07588051073320357,0.10625003649067186,0.2,0.44721359549995804,0.3778086426350239,0.12255205588125348,0.0,0.0,10.0,0.0,5,"[21, 22, 23, 24, 25]",0.0,0.0,,
chow_liu_leaf6,knn_impute,single_sensor_0,detector,0.1,0.0,0.05630836081907361,0.06308419165443603,0.13897950252439262,0.06713418857910125,7.99773645401001,0.1527616452902324,0.0563083608190736,0.06308419165443602,0.05630836081907361,0.06308419165443603,0.05630836081907361,0.06308419165443603,0.2,0.44721359549995804,0.13897950252439265,0.06713418857910128,0.0,0.0,10.0,0.0,5,"[21, 22, 23, 24, 25]",0.0,0.0,,
chow_liu_leaf6,knn_refit,bank0:0-1-2-4-5-7-8,detector,0.1,0.0,0.07860613630110094,0.08844052272934609,0.33213010890157363,0.1945985937114881,8.577988243103027,1.3023430758363364,0.07860613630110096,0.08844052272934609,0.07860613630110094,0.08844052272934609,0.07860613630110094,0.08844052272934609,0.4,0.5477225575051662,0.33213010890157363,0.19459859371148805,0.0,0.0,10.0,0.0,5,"[21, 22, 23, 24, 25]",0.0,0.0,,
chow_liu_leaf6,knn_refit,bank1:3,detector,0.1,0.0,0.06671986122835305,0.06473098937292414,0.6102130230702022,0.064691123785912,10.368518829345703,0.3005874031345569,0.06671986122835305,0.06473098937292414,0.06671986122835305,0.06473098937292414,0.06671986122835305,0.06473098937292414,0.4,0.5477225575051662,0.6102130230702022,0.06469112378591196,0.0,0.0,10.0,0.0,5,"[21, 22, 23, 24, 25]",0.0,0.0,,
chow_liu_leaf6,knn_refit,bank2:6-10,detector,0.1,0.0,0.08274740059920407,0.0966688662454344,0.45269403617167414,0.1613077955803305,11.296302986145019,0.9992076271299015,0.08274740059920407,0.0966688662454344,0.08274740059920407,0.0966688662454344,0.08274740059920407,0.0966688662454344,0.4,0.5477225575051662,0.45269403617167414,0.16130779558033057,0.0,0.0,10.0,0.0,5,"[21, 22, 23, 24, 25]",0.0,0.0,,
chow_liu_leaf6,knn_refit,full,detector,0.1,0.0,0.0704737562129085,0.08225155816824307,0.4594568124347053,0.16500519598139365,11.660604095458984,1.0738725739197463,0.0704737562129085,0.08225155816824309,0.0704737562129085,0.08225155816824307,0.0704737562129085,0.08225155816824307,0.4,0.5477225575051662,0.4594568124347053,0.16500519598139363,0.0,0.0,10.0,0.0,5,"[21, 22, 23, 24, 25]",0.0,0.0,,
chow_liu_leaf6,knn_refit,random1:1,detector,0.1,0.0,0.06948621024635812,0.08560914280228799,0.45693539720094406,0.16698155767062559,10.941083717346192,1.1316033788345703,0.06948621024635811,0.08560914280228799,0.06948621024635812,0.08560914280228799,0.06948621024635812,0.08560914280228799,0.4,0.5477225575051662,0.45693539720094406,0.16698155767062564,0.0,0.0,10.0,0.0,5,"[21, 22, 23, 24, 25]",0.0,0.0,,
chow_liu_leaf6,knn_refit,random3:5-8-14,detector,0.1,0.0,0.05073628652747915,0.05382209427241525,0.38678464717165695,0.1576959741028384,10.767662811279298,1.0558310406793578,0.050736286527479135,0.05382209427241523,0.05073628652747915,0.05382209427241525,0.05073628652747915,0.05382209427241525,0.2,0.447213595499958,0.38678464717165695,0.1576959741028384,0.0,0.0,10.0,0.0,5,"[21, 22, 23, 24, 25]",0.0,0.0,,
chow_liu_leaf6,knn_refit,random7:3-4-8-10-11-12-14,detector,0.1,0.0,0.0634588239573671,0.05562473517065585,0.5288318063560155,0.04077212427685125,7.337249660491944,0.2072834768253705,0.0634588239573671,0.05562473517065585,0.0634588239573671,0.05562473517065585,0.0634588239573671,0.05562473517065585,0.4,0.5477225575051662,0.5288318063560156,0.040772124276851215,0.0,0.0,10.0,0.0,5,"[21, 22, 23, 24, 25]",0.0,0.0,,
chow_liu_leaf6,knn_refit,single_sensor_0,detector,0.1,0.0,0.0922748921389738,0.051540612304555186,0.19236613406064282,0.04014005988064609,2.564946985244751,0.10720556848753217,0.0922748921389738,0.05154061230455517,0.0922748921389738,0.051540612304555186,0.0922748921389738,0.051540612304555186,0.6,0.5477225575051662,0.19236613406064287,0.04014005988064608,0.0,0.0,10.0,0.0,5,"[21, 22, 23, 24, 25]",0.0,0.0,,
chow_liu_leaf6,mahalanobis_impute,bank0:0-1-2-4-5-7-8,detector,0.1,0.0,0.05563059002091708,0.04415354671858087,0.3649417239315545,0.0501663032308954,428.89777221679685,80.27511047082503,0.05563059002091708,0.04415354671858087,0.05563059002091708,0.04415354671858087,0.05563059002091708,0.04415354671858087,0.0,0.0,0.3649417239315545,0.05016630323089544,0.0,0.0,10.0,0.0,5,"[21, 22, 23, 24, 25]",0.0,0.0,,
chow_liu_leaf6,mahalanobis_impute,bank1:3,detector,0.1,0.0,0.09978450839918473,0.13899308460741996,0.677262477294089,0.06513013198674751,349.9653381347656,20.008137458572506,0.09978450839918473,0.13899308460742,0.09978450839918473,0.13899308460741996,0.09978450839918473,0.13899308460741996,0.2,0.44721359549995804,0.6772624772940888,0.06513013198674751,0.0,0.0,10.0,0.0,5,"[21, 22, 23, 24, 25]",0.0,0.0,,
chow_liu_leaf6,mahalanobis_impute,bank2:6-10,detector,0.1,0.0,0.06897100539182152,0.07424349397621546,0.5577655167103277,0.09818624591678063,376.3483520507813,39.459609627121026,0.06897100539182152,0.07424349397621546,0.06897100539182152,0.07424349397621546,0.06897100539182152,0.07424349397621546,0.2,0.447213595499958,0.5577655167103277,0.09818624591678059,0.0,0.0,10.0,0.0,5,"[21, 22, 23, 24, 25]",0.0,0.0,,
chow_liu_leaf6,mahalanobis_impute,full,detector,0.1,0.0,0.06301878174022262,0.06293562821095695,0.6186283884967012,0.0769141948756412,403.84038696289065,28.23538659854241,0.06301878174022262,0.06293562821095695,0.06301878174022262,0.06293562821095695,0.06301878174022262,0.06293562821095695,0.2,0.447213595499958,0.6186283884967011,0.0769141948756411,0.0,0.0,10.0,0.0,5,"[21, 22, 23, 24, 25]",0.0,0.0,,
chow_liu_leaf6,mahalanobis_impute,random1:1,detector,0.1,0.0,0.0857674223169937,0.10905252350949378,0.6184363142028078,0.09557250946314098,390.04694213867185,39.97671183089639,0.0857674223169937,0.10905252350949378,0.0857674223169937,0.10905252350949378,0.0857674223169937,0.10905252350949378,0.4,0.5477225575051662,0.6184363142028079,0.09557250946314096,0.0,0.0,10.0,0.0,5,"[21, 22, 23, 24, 25]",0.0,0.0,,
chow_liu_leaf6,mahalanobis_impute,random3:5-8-14,detector,0.1,0.0,0.02992432705240809,0.025401584255070945,0.43633249605642266,0.04990513140403249,531.6146850585938,57.3454742410061,0.029924327052408085,0.02540158425507094,0.02992432705240809,0.025401584255070945,0.02992432705240809,0.025401584255070945,0.0,0.0,0.43633249605642266,0.049905131404032535,0.0,0.0,10.0,0.0,5,"[21, 22, 23, 24, 25]",0.0,0.0,,
chow_liu_leaf6,mahalanobis_impute,random7:3-4-8-10-11-12-14,detector,0.1,0.0,0.08011932999255253,0.07946188415162464,0.3910535416688238,0.11228532566433261,498.18760375976564,80.45137801199621,0.08011932999255253,0.07946188415162464,0.08011932999255253,0.07946188415162464,0.08011932999255253,0.07946188415162464,0.4,0.5477225575051662,0.3910535416688237,0.11228532566433258,0.0,0.0,10.0,0.0,5,"[21, 22, 23, 24, 25]",0.0,0.0,,
chow_liu_leaf6,mahalanobis_impute,single_sensor_0,detector,0.1,0.0,0.06201370362881152,0.0911254416942291,0.14344586684651636,0.10199314070092932,68.73029251098633,13.722454017612888,0.06201370362881152,0.0911254416942291,0.06201370362881152,0.0911254416942291,0.06201370362881152,0.0911254416942291,0.2,0.44721359549995804,0.14344586684651633,0.1019931407009293,0.0,0.0,10.0,0.0,5,"[21, 22, 23, 24, 25]",0.0,0.0,,
chow_liu_leaf6,mahalanobis_refit,bank0:0-1-2-4-5-7-8,detector,0.1,0.0,0.10389695943134711,0.13377705941287651,0.48582601910258766,0.14168563540104143,235.58394470214844,45.23457117476254,0.10389695943134711,0.13377705941287651,0.10389695943134711,0.13377705941287651,0.10389695943134711,0.13377705941287651,0.4,0.5477225575051662,0.48582601910258766,0.1416856354010414,0.0,0.0,10.0,0.0,5,"[21, 22, 23, 24, 25]",0.0,0.0,,
chow_liu_leaf6,mahalanobis_refit,bank1:3,detector,0.1,0.0,0.10050764031325139,0.14233677271558184,0.6780732865555172,0.06447389044930911,347.23251953125,19.968376553754798,0.10050764031325139,0.14233677271558184,0.10050764031325139,0.14233677271558184,0.10050764031325139,0.14233677271558184,0.2,0.44721359549995804,0.6780732865555172,0.06447389044930914,0.0,0.0,10.0,0.0,5,"[21, 22, 23, 24, 25]",0.0,0.0,,
chow_liu_leaf6,mahalanobis_refit,bank2:6-10,detector,0.1,0.0,0.06571811282983805,0.07235584149925163,0.5580500571168571,0.08558140575932544,355.84343872070315,32.18206963942504,0.06571811282983805,0.07235584149925163,0.06571811282983805,0.07235584149925163,0.06571811282983805,0.07235584149925163,0.2,0.447213595499958,0.5580500571168571,0.08558140575932546,0.0,0.0,10.0,0.0,5,"[21, 22, 23, 24, 25]",0.0,0.0,,
chow_liu_leaf6,mahalanobis_refit,full,detector,0.1,0.0,0.06301878174022262,0.06293562821095695,0.6186283884967012,0.0769141948756412,403.84038696289065,28.23538659854241,0.06301878174022262,0.06293562821095695,0.06301878174022262,0.06293562821095695,0.06301878174022262,0.06293562821095695,0.2,0.447213595499958,0.6186283884967011,0.0769141948756411,0.0,0.0,10.0,0.0,5,"[21, 22, 23, 24, 25]",0.0,0.0,,
chow_liu_leaf6,mahalanobis_refit,random1:1,detector,0.1,0.0,0.08376365804257993,0.09543229387249716,0.6256802012784718,0.08660879265288826,373.5186462402344,31.836917002088832,0.08376365804257992,0.09543229387249716,0.08376365804257993,0.09543229387249716,0.08376365804257993,0.09543229387249716,0.4,0.5477225575051662,0.6256802012784717,0.08660879265288825,0.0,0.0,10.0,0.0,5,"[21, 22, 23, 24, 25]",0.0,0.0,,
chow_liu_leaf6,mahalanobis_refit,random3:5-8-14,detector,0.1,0.0,0.05566457835844478,0.057512284258587794,0.5565049381850511,0.08106120736856955,334.0901611328125,34.26907497346516,0.05566457835844477,0.05751228425858779,0.05566457835844478,0.057512284258587794,0.05566457835844478,0.057512284258587794,0.2,0.447213595499958,0.5565049381850511,0.0810612073685695,0.0,0.0,10.0,0.0,5,"[21, 22, 23, 24, 25]",0.0,0.0,,
chow_liu_leaf6,mahalanobis_refit,random7:3-4-8-10-11-12-14,detector,0.1,0.0,0.06941612604045938,0.03429556859600826,0.5588899924984324,0.012710622890124612,197.27167663574218,9.04563490134482,0.0694161260404594,0.03429556859600826,0.06941612604045938,0.03429556859600826,0.06941612604045938,0.03429556859600826,0.2,0.44721359549995804,0.5588899924984324,0.012710622890124632,0.0,0.0,10.0,0.0,5,"[21, 22, 23, 24, 25]",0.0,0.0,,
chow_liu_leaf6,mahalanobis_refit,single_sensor_0,detector,0.1,0.0,0.05341289056438705,0.030854960396544184,0.15463973972877082,0.021516245309255284,30.908041763305665,1.2025881669437364,0.05341289056438705,0.030854960396544184,0.05341289056438705,0.030854960396544184,0.05341289056438705,0.030854960396544184,0.0,0.0,0.1546397397287708,0.021516245309255277,0.0,0.0,10.0,0.0,5,"[21, 22, 23, 24, 25]",0.0,0.0,,
